[{"model": "users.university", "pk": 1, "fields": {"name": "\u062c\u0627\u0645\u0639\u0629 \u0627\u0644\u0645\u0646\u0635\u0648\u0631\u0629", "bio": "no data initialized", "location": "no data initialized", "headmaster": "Professors name", "rank": -1, "uni_type": "public"}}, {"model": "users.university", "pk": 2, "fields": {"name": "\u062c\u0627\u0645\u0639\u0629 \u0643\u0641\u0631 \u0627\u0644\u0634\u064a\u062e", "bio": "no data initialized", "location": "no data initialized", "headmaster": "Professors name", "rank": -1, "uni_type": "public"}}, {"model": "users.faculty", "pk": 1, "fields": {"name": "\u0643\u0644\u064a\u0629 \u0627\u0644\u0639\u0644\u0648\u0645", "bio": "no data initialized", "location": "no data initialized", "headmaster": "Professors name", "rank": -1, "university": 1}}, {"model": "users.faculty", "pk": 2, "fields": {"name": "\u0643\u0644\u064a\u0629 \u0627\u0644\u062d\u0627\u0633\u0628\u0627\u062a \u0648\u0627\u0644\u0645\u0639\u0644\u0648\u0645\u0627\u062a", "bio": "no data initialized", "location": "no data initialized", "headmaster": "Professors name", "rank": -1, "university": 1}}, {"model": "users.faculty", "pk": 3, "fields": {"name": "\u0643\u0644\u064a\u0629 \u0627\u0644\u0647\u0646\u062f\u0633\u0629", "bio": "no data initialized", "location": "no data initialized", "headmaster": "Professors name", "rank": -1, "university": 1}}, {"model": "users.faculty", "pk": 4, "fields": {"name": "\u0643\u0644\u064a\u0629 \u0627\u0644\u062d\u0627\u0633\u0628\u0627\u062a \u0648\u0627\u0644\u0645\u0639\u0644\u0648\u0645\u0627\u062a", "bio": "no data initialized", "location": "no data initialized", "headmaster": "Professors name", "rank": -1, "university": 2}}, {"model": "users.faculty", "pk": 5, "fields": {"name": "\u0643\u0644\u064a\u0629 \u0627\u0644\u0647\u0646\u062f\u0633\u0629", "bio": "no data initialized", "location": "no data initialized", "headmaster": "Professors name", "rank": -1, "university": 2}}, {"model": "users.department", "pk": 3, "fields": {"name": "1 \u0627\u0644\u0642\u0633\u0645 \u0627\u0644\u0639\u0627\u0645 - \u0645\u062c\u0645\u0648\u0639\u0629 \u0628", "bio": "no data initialized", "location": "no data initialized", "headmaster": "Professors name", "rank": -1, "dep_type": "normal", "faculty": 2}}, {"model": "users.department", "pk": 4, "fields": {"name": "1 \u0627\u0644\u0642\u0633\u0645 \u0627\u0644\u0639\u0627\u0645 - \u0645\u062c\u0645\u0648\u0639\u0629 \u0623", "bio": "no data initialized", "location": "no data initialized", "headmaster": "Professors name", "rank": -1, "dep_type": "normal", "faculty": 2}}, {"model": "users.department", "pk": 5, "fields": {"name": "3 \u0646\u0638\u0645 \u0645\u0639\u0644\u0648\u0645\u0627\u062a", "bio": "no data initialized", "location": "no data initialized", "headmaster": "Professors name", "rank": -1, "dep_type": "normal", "faculty": 2}}, {"model": "users.department", "pk": 6, "fields": {"name": "3 \u0639\u0644\u0648\u0645 \u0627\u0644\u062d\u0627\u0633\u0628", "bio": "no data initialized", "location": "no data initialized", "headmaster": "Professors name", "rank": -1, "dep_type": "normal", "faculty": 2}}, {"model": "users.department", "pk": 7, "fields": {"name": "3 \u062a\u0643\u0646\u0648\u0644\u0648\u062c\u064a\u0627 \u0645\u0639\u0644\u0648\u0645\u0627\u062a", "bio": "no data initialized", "location": "no data initialized", "headmaster": "Professors name", "rank": -1, "dep_type": "normal", "faculty": 2}}, {"model": "users.department", "pk": 8, "fields": {"name": "2 \u0627\u0644\u0642\u0633\u0645 \u0627\u0644\u0639\u0627\u0645 \u0645\u062c\u0645\u0648\u0639\u0629 \u0623", "bio": "no data initialized", "location": "no data initialized", "headmaster": "Professors name", "rank": -1, "dep_type": "normal", "faculty": 2}}, {"model": "users.department", "pk": 9, "fields": {"name": "2 \u0627\u0644\u0642\u0633\u0645 \u0627\u0644\u0639\u0627\u0645\u0629 \u0645\u062c\u0645\u0648\u0639\u0629 \u0628", "bio": "no data initialized", "location": "no data initialized", "headmaster": "Professors name", "rank": -1, "dep_type": "normal", "faculty": 2}}, {"model": "users.department", "pk": 10, "fields": {"name": "4 \u0639\u0644\u0648\u0645 \u0627\u0644\u062d\u0627\u0633\u0628", "bio": "no data initialized", "location": "no data initialized", "headmaster": "Professors name", "rank": -1, "dep_type": "normal", "faculty": 2}}, {"model": "users.department", "pk": 11, "fields": {"name": "4 \u0646\u0638\u0645 \u0645\u0639\u0644\u0648\u0645\u0627\u062a", "bio": "no data initialized", "location": "no data initialized", "headmaster": "Professors name", "rank": -1, "dep_type": "normal", "faculty": 2}}, {"model": "users.department", "pk": 12, "fields": {"name": "4 \u062a\u0643\u0646\u0648\u0644\u0648\u062c\u064a\u0627 \u0645\u0639\u0644\u0648\u0645\u0627\u062a", "bio": "no data initialized", "location": "no data initialized", "headmaster": "Professors name", "rank": -1, "dep_type": "normal", "faculty": 2}}, {"model": "users.department", "pk": 13, "fields": {"name": "1 \u0647\u0646\u062f\u0633\u0629 \u0627\u0644\u0628\u0631\u0645\u062c\u064a\u0627\u062a", "bio": "no data initialized", "location": "no data initialized", "headmaster": "Professors name", "rank": -1, "dep_type": "credit", "faculty": 2}}, {"model": "users.department", "pk": 14, "fields": {"name": "2 \u0647\u0646\u062f\u0633\u0629 \u0627\u0644\u0628\u0631\u0645\u062c\u064a\u0627\u062a", "bio": "no data initialized", "location": "no data initialized", "headmaster": "Professors name", "rank": -1, "dep_type": "credit", "faculty": 2}}, {"model": "users.department", "pk": 15, "fields": {"name": "3 \u0647\u0646\u062f\u0633\u0629 \u0627\u0644\u0628\u0631\u0645\u062c\u064a\u0627\u062a", "bio": "no data initialized", "location": "no data initialized", "headmaster": "Professors name", "rank": -1, "dep_type": "normal", "faculty": 2}}, {"model": "users.department", "pk": 16, "fields": {"name": "4 \u0647\u0646\u062f\u0633\u0629 \u0627\u0644\u0628\u0631\u0645\u062c\u064a\u0627\u062a", "bio": "no data initialized", "location": "no data initialized", "headmaster": "Professors name", "rank": -1, "dep_type": "credit", "faculty": 2}}, {"model": "users.department", "pk": 17, "fields": {"name": "1 \u0645\u0639\u0644\u0648\u0645\u0627\u062a\u064a\u0629 \u0637\u0628\u064a\u0629", "bio": "no data initialized", "location": "no data initialized", "headmaster": "Professors name", "rank": -1, "dep_type": "credit", "faculty": 2}}, {"model": "users.department", "pk": 18, "fields": {"name": "2 \u0645\u0639\u0644\u0648\u0645\u0627\u062a\u064a\u0629 \u0637\u0628\u064a\u0629", "bio": "no data initialized", "location": "no data initialized", "headmaster": "Professors name", "rank": -1, "dep_type": "credit", "faculty": 2}}, {"model": "users.department", "pk": 19, "fields": {"name": "3 \u0645\u0639\u0644\u0648\u0645\u0627\u062a\u064a\u0629 \u0637\u0628\u064a\u0629", "bio": "no data initialized", "location": "no data initialized", "headmaster": "Professors name", "rank": -1, "dep_type": "credit", "faculty": 2}}, {"model": "users.department", "pk": 20, "fields": {"name": "\u0625\u0639\u062f\u0627\u062f\u064a \u0645\u062c\u0645\u0648\u0639\u0629 \u0623", "bio": "no data initialized", "location": "no data initialized", "headmaster": "Professors name", "rank": -1, "dep_type": "normal", "faculty": 5}}, {"model": "users.department", "pk": 21, "fields": {"name": "\u0625\u0639\u062f\u0627\u062f\u064a \u0645\u062c\u0645\u0648\u0639\u0629 \u0628", "bio": "no data initialized", "location": "no data initialized", "headmaster": "Professors name", "rank": -1, "dep_type": "normal", "faculty": 5}}, {"model": "users.department", "pk": 22, "fields": {"name": "1 \u0645\u062f\u0646\u064a", "bio": "no data initialized", "location": "no data initialized", "headmaster": "Professors name", "rank": -1, "dep_type": "normal", "faculty": 5}}, {"model": "users.department", "pk": 23, "fields": {"name": "2 \u0645\u062f\u0646\u064a", "bio": "no data initialized", "location": "no data initialized", "headmaster": "Professors name", "rank": -1, "dep_type": "normal", "faculty": 5}}, {"model": "users.department", "pk": 24, "fields": {"name": "3 \u0645\u062f\u0646\u064a", "bio": "no data initialized", "location": "no data initialized", "headmaster": "Professors name", "rank": -1, "dep_type": "normal", "faculty": 5}}, {"model": "users.department", "pk": 25, "fields": {"name": "4 \u0645\u062f\u0646\u064a", "bio": "no data initialized", "location": "no data initialized", "headmaster": "Professors name", "rank": -1, "dep_type": "normal", "faculty": 5}}, {"model": "users.department", "pk": 26, "fields": {"name": "1 \u0639\u0645\u0627\u0631\u0629", "bio": "no data initialized", "location": "no data initialized", "headmaster": "Professors name", "rank": -1, "dep_type": "normal", "faculty": 5}}, {"model": "users.department", "pk": 27, "fields": {"name": "2 \u0639\u0645\u0627\u0631\u0629", "bio": "no data initialized", "location": "no data initialized", "headmaster": "Professors name", "rank": -1, "dep_type": "normal", "faculty": 5}}, {"model": "users.department", "pk": 28, "fields": {"name": "3 \u0639\u0645\u0627\u0631\u0629", "bio": "no data initialized", "location": "no data initialized", "headmaster": "Professors name", "rank": -1, "dep_type": "normal", "faculty": 5}}, {"model": "users.department", "pk": 29, "fields": {"name": "4 \u0639\u0645\u0627\u0631\u0629", "bio": "no data initialized", "location": "no data initialized", "headmaster": "Professors name", "rank": -1, "dep_type": "normal", "faculty": 5}}, {"model": "cms.topic", "pk": 11, "fields": {"name": "\u0627\u0644\u062a\u0641\u0627\u0636\u0644 \u0648\u0627\u0644\u062a\u0643\u0627\u0645\u0644", "desc": "\u0645\u0627\u062f\u0629 \u062d\u0633\u0627\u0628 \u0627\u0644\u062a\u0641\u0627\u0636\u0644 \u0648\u0627\u0644\u062a\u0643\u0627\u0645\u0644", "term": 2, "weeks": 14, "department": 4, "faculty": 2, "professors": [1]}}, {"model": "cms.topic", "pk": 12, "fields": {"name": "\u0627\u0644\u062f\u0648\u0627\u0626\u0631 \u0627\u0644\u0625\u0644\u0643\u062a\u0631\u0648\u0646\u064a\u0629", "desc": "\u0645\u0627\u062f\u0629 \u0627\u0644\u062f\u0648\u0627\u0626\u0631 \u0627\u0644\u0625\u0644\u0643\u062a\u0631\u0648\u0646\u064a\u0629", "term": 2, "weeks": 14, "department": 3, "faculty": 2, "professors": [2]}}, {"model": "cms.topic", "pk": 13, "fields": {"name": "\u0623\u0633\u0627\u0633\u064a\u0627\u062a \u0627\u0644\u0647\u0646\u062f\u0633\u0629 \u0627\u0644\u0645\u062f\u0646\u064a\u0629", "desc": "\u0645\u0627\u062f\u0629 \u0623\u0633\u0627\u0633\u064a\u0627\u062a \u0627\u0644\u0647\u0646\u062f\u0633\u0629 \u0627\u0644\u0645\u062f\u0646\u064a\u0629", "term": 1, "weeks": 10, "department": 22, "faculty": 3, "professors": [4]}}, {"model": "cms.professor", "pk": 1, "fields": {"name": "\u0623\u062d\u0645\u062f \u0623\u0628\u0648 \u0627\u0644\u0641\u062a\u0648\u062d", "faculty": 2, "bio": "\u0642\u0633\u0645 \u0646\u0638\u0645 \u0627\u0644\u0645\u0639\u0644\u0648\u0645\u0627\u062a - \u0643\u0644\u064a\u0629 \u0627\u0644\u062d\u0627\u0633\u0628\u0627\u062a \u0648\u0627\u0644\u0645\u0639\u0644\u0648\u0645\u0627\u062a - \u062c\u0627\u0645\u0639\u0629 \u0627\u0644\u0645\u0646\u0635\u0648\u0631\u0629", "picture": "openImg.jpeg", "email": "elfetouh@gmail.com", "website": "", "linkedn": ""}}, {"model": "cms.professor", "pk": 2, "fields": {"name": "\u0623\u062d\u0645\u062f \u0627\u0644\u062d\u0633\u064a\u0646 \u0627\u0644\u0633\u064a\u062f", "faculty": 2, "bio": "\u0639\u0644\u0648\u0645 \u0627\u0644\u062d\u0627\u0633\u0628 - \u0643\u0644\u064a\u0629 \u0627\u0644\u062d\u0627\u0633\u0628\u0627\u062a \u0648\u0627\u0644\u0645\u0639\u0644\u0648\u0645\u0627\u062a - \u062c\u0627\u0645\u0639\u0629 \u0627\u0644\u0645\u0646\u0635\u0648\u0631\u0629", "picture": "openImg_5zlWZKe.jpeg", "email": "", "website": "", "linkedn": ""}}, {"model": "cms.professor", "pk": 3, "fields": {"name": "\u0623\u062d\u0645\u062f \u0627\u0644\u0633\u0639\u064a\u062f \u062f\u0627\u0648\u062f", "faculty": 2, "bio": "\u0639\u0644\u0648\u0645 \u0627\u0644\u062d\u0627\u0633\u0628 - \u0643\u0644\u064a\u0629 \u0627\u0644\u062d\u0627\u0633\u0628\u0627\u062a \u0648\u0627\u0644\u0645\u0639\u0644\u0648\u0645\u0627\u062a - \u062c\u0627\u0645\u0639\u0629 \u0627\u0644\u0645\u0646\u0635\u0648\u0631\u0629", "picture": "openImg_HWWjZtS.jpeg", "email": "ahmedn1dawod@mans.edu.eg", "website": "http://n1science.wordpress.com/", "linkedn": ""}}, {"model": "cms.professor", "pk": 4, "fields": {"name": "\u0623\u062d\u0645\u062f \u0639\u0637\u0648\u0627\u0646 \u0645\u062d\u0645\u062f", "faculty": 2, "bio": "\u0642\u0633\u0645 \u062a\u0643\u0646\u0648\u0644\u0648\u062c\u064a\u0627 \u0627\u0644\u0645\u0639\u0644\u0648\u0645\u0627\u062a - \u0643\u0644\u064a\u0629 \u0627\u0644\u062d\u0627\u0633\u0628\u0627\u062a \u0648\u0627\u0644\u0645\u0639\u0644\u0648\u0645\u0627\u062a - \u062c\u0627\u0645\u0639\u0629 \u0627\u0644\u0645\u0646\u0635\u0648\u0631\u0629", "picture": "openImg_wJkX3sY.jpeg", "email": "atwan@mans.edu.eg", "website": "", "linkedn": ""}}, {"model": "cms.topictable", "pk": 1, "fields": {"topics": "[['\u0645\u062d\u0627\u0636\u0631\u0629 \u0627\u0644\u062a\u0641\u0627\u0636\u0644 \u0648\u0627\u0644\u062a\u0643\u0627\u0645\u0644 \u062f\u0643\u062a\u0648\u0631 \u0623\u062d\u0645\u062f \u0623\u0628\u0648 \u0627\u0644\u0641\u062a\u0648\u062d', '', '', '\u0633\u0643\u0634\u0646 1 \u0628\u0634\u0645\u0647\u0646\u062f\u0633\u0629 \u0625\u064a\u0645\u0627\u0646 \u0627\u0644\u0637\u0648\u064a\u0644', '', ''], ['', '', '', '', '', ''], ['', '\u0645\u062d\u0627\u0636\u0631\u0629 \u0645\u0628\u0627\u062f\u0626 \u0627\u0644\u062a\u0641\u0627\u0636\u0644 \u062f\u0643\u062a\u0648\u0631 \u0648\u0627\u0626\u0644', '', '', '\u0633\u0643\u0634\u0646 \u0628\u0634\u0645\u0647\u0646\u062f\u0633\u0629 \u0627\u064a\u0645\u0627\u0646 \u0627\u0644\u0642\u0635\u064a\u0631 \u0645\u062c\u0645\u0648\u0639\u0629 22', ''], ['', '', '', '', '', ''], ['', '', '', '', '', ''], ['', '', '', '', '', ''], ['', '', '', '', '', '']]", "places": "[['\u0645\u062f\u0631\u062c \u0627\u0644\u0634\u0639\u0628', '', '', '\u0645\u0639\u0645\u0644 99', '', ''], ['', '', '', '', '', ''], ['', '\u0645\u062f\u0631\u062c \u0627\u0644\u0645\u0644\u0643 \u0627\u0644\u0635\u0627\u0644\u062d', '', '', '\u0645\u062f\u0631\u062c 33', ''], ['', '', '', '', '', ''], ['', '', '', '', '', ''], ['', '', '', '', '', ''], ['', '', '', '', '', '']]", "off_days": "['6', '7']", "json": "", "topic": 11}}, {"model": "cms.topictable", "pk": 2, "fields": {"topics": "[['\u0645\u062d\u0627\u0636\u0631\u0629 \u0627\u0644\u062f\u0648\u0627\u0626\u0631 \u0627\u0644\u0625\u0644\u0643\u062a\u0631\u0648\u0646\u064a\u0629 \u062f\u0643\u062a\u0648\u0631 \u0645\u062f\u062d\u062a', '', '\u0645\u062d\u0627\u0636\u0631\u0629 \u062c\u0645\u064a\u0644\u0629', '', '', '\u0633\u0643\u0634\u0646 1 \u0628\u0634\u0645\u0647\u0646\u062f\u0633 \u0639\u0645\u0631\u0648 \u0627\u0644\u0623\u0644\u0645\u0627\u0646\u064a'], ['', '', '\u0633\u0643\u0634\u0646 \u0628\u0634\u0645\u0647\u0646\u062f\u0633 \u0639\u0645\u0631\u0648 \u0645\u062c9\u060c \u0645\u062c10\u060c \u0645\u062c11\u060c \u0645\u062c12', '\u0645\u062d\u0627\u0636\u0631\u0629 \u062f\u0643\u062a\u0648\u0631 \u0639\u0628\u0633\u0644\u0627\u0645', '', ''], ['', '\u0633\u0643\u0634\u0646 \u0628\u0634\u0645\u0647\u0646\u062f\u0633\u0629 \u0646\u0631\u0645\u064a\u0646', '\u0633\u0643\u0634\u0646 \u0628\u0634\u0645\u0647\u0646\u062f\u0633\u0629 \u0646\u0631\u0645\u064a\u0646', '', '\u0633\u0643\u0634\u0646 \u0628\u0634\u0645\u0647\u0646\u062f\u0633 \u0639\u0645\u0631\u0648', ''], ['', '', '', '', '', ''], ['', '', '', '\u0627\u0633\u0645 \u0645\u062d\u0627\u0636\u0631\u0629 \u0637\u0648\u064a\u0644 \u0627\u0633\u0645 \u0645\u062d\u0627\u0636\u0631\u0629 \u0637\u0648\u064a\u0644 \u0627\u0633\u0645 \u0645\u062d\u0627\u0636\u0631\u0629 \u0637\u0648\u064a\u0644 \u0627\u0633\u0645 \u0645\u062d\u0627\u0636\u0631\u0629 \u0637\u0648\u064a\u0644 \u0627\u0633\u0645 \u0645\u062d\u0627\u0636\u0631\u0629 \u0637\u0648\u064a\u0644 ', '', ''], ['', '', '', '', '', ''], ['', '', '', '', '', '']]", "places": "[['\u0645\u062f\u0631\u062c \u062d\u0645\u062f\u064a \u0627\u0644\u0648\u0632\u064a\u0631', '', '\u0645\u062f\u0631\u062c 5', '', '', '\u0645\u0639\u0645\u0644 9'], ['', '', '\u0645\u0639\u0645\u0644 1', '\u0645\u062f\u0631\u062c \u0627\u0644\u0634\u0639\u0628', '', ''], ['', '\u0645\u062f\u0631\u062c 1', '\u0645\u062f\u0631\u062c 1', '', '\u0645\u0639\u0645\u0644 5', ''], ['', '', '', '', '', ''], ['', '', '', '\u0645\u0639\u0645\u0644 50', '', ''], ['', '', '', '', '', ''], ['', '', '', '', '', '']]", "off_days": "['7']", "json": "", "topic": 12}}, {"model": "auth.user", "pk": 17, "fields": {"password": "pbkdf2_sha256$30000$e7zeSQULkfFq$wdXgsosTpxt6P7fvqle+FfII8exGBaYL4wvzpxNzNMc=", "last_login": null, "is_superuser": false, "username": "passwordhashing", "first_name": "", "last_name": "", "email": "password@passswordddd.com", "is_staff": false, "is_active": true, "date_joined": "2017-05-19T16:19:36.713Z", "groups": [], "user_permissions": []}}, {"model": "auth.user", "pk": 18, "fields": {"password": "pbkdf2_sha256$30000$tpHSDYGnt7fB$dSzLNQ25ANwefHngGncMQZLG1MZ/5UGzVouuPoww0Rg=", "last_login": null, "is_superuser": false, "username": "hema", "first_name": "", "last_name": "", "email": "hema@yahoo.com", "is_staff": false, "is_active": true, "date_joined": "2017-05-19T16:35:50.310Z", "groups": [], "user_permissions": []}}, {"model": "auth.user", "pk": 19, "fields": {"password": "pbkdf2_sha256$30000$N7W25DPBJreB$O5uXVImschUleOyyDrYRPQtYFgkYJegGKyEhklfaoyA=", "last_login": "2017-05-19T17:57:48.982Z", "is_superuser": false, "username": "fuck", "first_name": "", "last_name": "", "email": "fuck@fuck.com", "is_staff": false, "is_active": true, "date_joined": "2017-05-19T17:57:41.197Z", "groups": [], "user_permissions": []}}, {"model": "auth.user", "pk": 20, "fields": {"password": "pbkdf2_sha256$30000$dEyqdCCpaHdf$eU+5W6eF0rtTsSci4oaDqJHb6uIjDYixOS/xrhLcV1c=", "last_login": null, "is_superuser": false, "username": "fuckkk", "first_name": "", "last_name": "", "email": "ficcckck@hotmail.com", "is_staff": false, "is_active": true, "date_joined": "2017-05-19T17:59:24.596Z", "groups": [], "user_permissions": []}}, {"model": "auth.user", "pk": 21, "fields": {"password": "pbkdf2_sha256$30000$rtIKH2FVpmLw$zoYLjFrB3I5jeHu1n6ol31pmFlxhHhbhIUN88sYlUCQ=", "last_login": "2017-05-19T21:27:59.398Z", "is_superuser": false, "username": "newfuck", "first_name": "", "last_name": "", "email": "ficcxxckck@hotmail.com", "is_staff": false, "is_active": true, "date_joined": "2017-05-19T21:27:50.510Z", "groups": [], "user_permissions": []}}, {"model": "auth.user", "pk": 22, "fields": {"password": "pbkdf2_sha256$36000$7mQBH5WzklBg$+xYgVsa3rjuGEfPZ+BZa5pMvgo6qhaHuFYfEm3V9drw=", "last_login": "2017-06-16T09:16:47.471Z", "is_superuser": false, "username": "ahmedelpna", "first_name": "", "last_name": "", "email": "ahmedelpna@gmail.com", "is_staff": false, "is_active": true, "date_joined": "2017-06-16T09:16:35.739Z", "groups": [], "user_permissions": []}}, {"model": "auth.user", "pk": 23, "fields": {"password": "pbkdf2_sha256$36000$5krWaJlLu40Z$H7dlwUq4gy0btmJERnM+7Cz/o/MdjdCluim8SqfsE9M=", "last_login": "2017-06-16T11:07:08.626Z", "is_superuser": false, "username": "ahmedelpna2", "first_name": "", "last_name": "", "email": "ahmedelpna99@gmail.com", "is_staff": false, "is_active": true, "date_joined": "2017-06-16T09:35:08.044Z", "groups": [], "user_permissions": []}}, {"model": "users.userprofile", "pk": 1, "fields": {"user": 9, "department": null, "faculty": null, "university": null, "level": 1, "gender": "unset", "count_of_posts": 0, "count_of_replies": 0, "academic_stats": "unset", "last_active_device": "", "topics": []}}, {"model": "users.userprofile", "pk": 3, "fields": {"user": 1, "department": 4, "faculty": 2, "university": 1, "level": 1, "gender": "unset", "count_of_posts": 0, "count_of_replies": 0, "academic_stats": "unset", "last_active_device": "'linux - firefox'", "topics": [11, 12]}}, {"model": "users.userprofile", "pk": 6, "fields": {"user": 16, "department": null, "faculty": 1, "university": 1, "level": 1, "gender": "unset", "count_of_posts": 0, "count_of_replies": 0, "academic_stats": "unset", "last_active_device": "", "topics": []}}, {"model": "users.userprofile", "pk": 7, "fields": {"user": 17, "department": null, "faculty": null, "university": null, "level": 1, "gender": "unset", "count_of_posts": 0, "count_of_replies": 0, "academic_stats": "unset", "last_active_device": "", "topics": []}}, {"model": "users.userprofile", "pk": 8, "fields": {"user": 18, "department": null, "faculty": null, "university": null, "level": 1, "gender": "unset", "count_of_posts": 0, "count_of_replies": 0, "academic_stats": "unset", "last_active_device": "", "topics": []}}, {"model": "users.userprofile", "pk": 9, "fields": {"user": 19, "department": null, "faculty": null, "university": null, "level": 1, "gender": "unset", "count_of_posts": 0, "count_of_replies": 0, "academic_stats": "unset", "last_active_device": "", "topics": []}}, {"model": "users.userprofile", "pk": 10, "fields": {"user": 20, "department": null, "faculty": null, "university": null, "level": 1, "gender": "unset", "count_of_posts": 0, "count_of_replies": 0, "academic_stats": "unset", "last_active_device": "", "topics": []}}, {"model": "users.userprofile", "pk": 11, "fields": {"user": 21, "department": null, "faculty": 2, "university": 1, "level": 1, "gender": "unset", "count_of_posts": 0, "count_of_replies": 0, "academic_stats": "unset", "last_active_device": "", "topics": []}}, {"model": "users.userprofile", "pk": 12, "fields": {"user": 10, "department": null, "faculty": null, "university": null, "level": 1, "gender": "unset", "count_of_posts": 0, "count_of_replies": 0, "academic_stats": "unset", "last_active_device": "", "topics": []}}, {"model": "users.userprofile", "pk": 13, "fields": {"user": 22, "department": 3, "faculty": 1, "university": 1, "level": 1, "gender": "unset", "count_of_posts": 0, "count_of_replies": 0, "academic_stats": "unset", "last_active_device": "", "topics": []}}, {"model": "users.userprofile", "pk": 14, "fields": {"user": 23, "department": null, "faculty": 1, "university": 1, "level": 1, "gender": "unset", "count_of_posts": 0, "count_of_replies": 0, "academic_stats": "unset", "last_active_device": "", "topics": []}}, {"model": "cms.material", "pk": 1, "fields": {"name": "\u0645\u062d\u0627\u0636\u0631\u0629 \u0627\u0644\u062a\u0641\u0627\u0636\u0644 \u0648\u0627\u0644\u062a\u0643\u0627\u0645\u0644", "content": "\u0645\u062d\u0627\u0636\u0631\u0629 \u0627\u0644\u062a\u0641\u0627\u0636\u0644 \u0648\u0627\u0644\u062a\u0643\u0627\u0645\u0644\u0645\u062d\u0627\u0636\u0631\u0629 \u0627\u0644\u062a\u0641\u0627\u0636\u0644 \u0648\u0627\u0644\u062a\u0643\u0627\u0645\u0644\u0645\u062d\u0627\u0636\u0631\u0629 \u0627\u0644\u062a\u0641\u0627\u0636\u0644 \u0648\u0627\u0644\u062a\u0643\u0627\u0645\u0644\u0645\u062d\u0627\u0636\u0631\u0629 \u0627\u0644\u062a\u0641\u0627\u0636\u0644 \u0648\u0627\u0644\u062a\u0643\u0627\u0645\u0644\u0645\u062d\u0627\u0636\u0631\u0629 \u0627\u0644\u062a\u0641\u0627\u0636\u0644 \u0648\u0627\u0644\u062a\u0643\u0627\u0645\u0644\u0645\u062d\u0627\u0636\u0631\u0629 \u0627\u0644\u062a\u0641\u0627\u0636\u0644 \u0648\u0627\u0644\u062a\u0643\u0627\u0645\u0644\u0645\u062d\u0627\u0636\u0631\u0629 \u0627\u0644\u062a\u0641\u0627\u0636\u0644 \u0648\u0627\u0644\u062a\u0643\u0627\u0645\u0644\u0645\u062d\u0627\u0636\u0631\u0629 \u0627\u0644\u062a\u0641\u0627\u0636\u0644 \u0648\u0627\u0644\u062a\u0643\u0627\u0645\u0644", "link": "https://docs.3amer.com/document/u/0/", "year": "2017-09-04", "term": 1, "content_type": 1, "week_number": 2, "user": 1, "topic": 11, "professor": [1]}}, {"model": "cms.material", "pk": 2, "fields": {"name": "\u0627\u0644\u0645\u062d\u0627\u0636\u0631\u0629 \u0627\u0644\u062b\u0627\u0646\u064a\u0629", "content": "\u0648\u0635\u0641 \u0627\u0644\u0645\u062d\u0627\u0636\u0631\u0629 \u0627\u0644\u062b\u0627\u0646\u064a\u0629 \u0648\u0635\u0641 \u0627\u0644\u0645\u062d\u0627\u0636\u0631\u0629 \u0627\u0644\u062b\u0627\u0646\u064a\u0629 \u0648\u0635\u0641 \u0627\u0644\u0645\u062d\u0627\u0636\u0631\u0629 \u0627\u0644\u062b\u0627\u0646\u064a\u0629 \u0648\u0635\u0641 \u0627\u0644\u0645\u062d\u0627\u0636\u0631\u0629 \u0627\u0644\u062b\u0627\u0646\u064a\u0629 \u0648\u0635\u0641 \u0627\u0644\u0645\u062d\u0627\u0636\u0631\u0629 \u0627\u0644\u062b\u0627\u0646\u064a\u0629 \u0648\u0635\u0641 \u0627\u0644\u0645\u062d\u0627\u0636\u0631\u0629 \u0627\u0644\u062b\u0627\u0646\u064a\u0629 \u0648\u0635\u0641 \u0627\u0644\u0645\u062d\u0627\u0636\u0631\u0629 \u0627\u0644\u062b\u0627\u0646\u064a\u0629", "link": "https://docsss.3amer.com/document/u/0/", "year": "2017-09-04", "term": 1, "content_type": 1, "week_number": 3, "user": 1, "topic": 12, "professor": [3]}}, {"model": "cms.material", "pk": 3, "fields": {"name": "\u0645\u062d\u0627\u0636\u0631\u0629 \u062a\u0627\u0646\u064a\u0629", "content": "\u0645\u062d\u0627\u0636\u0631\u0629 \u062a\u0627\u0646\u064a\u0629\u0645\u062d\u0627\u0636\u0631\u0629 \u062a\u0627\u0646\u064a\u0629\u0645\u062d\u0627\u0636\u0631\u0629 \u062a\u0627\u0646\u064a\u0629\u0645\u062d\u0627\u0636\u0631\u0629 \u062a\u0627\u0646\u064a\u0629\u0645\u062d\u0627\u0636\u0631\u0629 \u062a\u0627\u0646\u064a\u0629\u0645\u062d\u0627\u0636\u0631\u0629 \u062a\u0627\u0646\u064a\u0629", "link": "http://www.broken.com", "year": "2017-09-04", "term": 2, "content_type": 2, "week_number": 6, "user": 1, "topic": 11, "professor": [3]}}, {"model": "cms.material", "pk": 4, "fields": {"name": "\u0645\u062d\u0627\u0636\u0631\u0629 \u0641\u064a \u0627\u0644\u0647\u0646\u062f\u0633\u0629 \u0627\u0644\u0645\u062f\u0646\u064a\u0629", "content": "\u0645\u062d\u0627\u0636\u0631\u0629 \u0641\u064a \u0627\u0644\u0647\u0646\u062f\u0633\u0629 \u0627\u0644\u0645\u062f\u0646\u064a\u0629\u0645\u062d\u0627\u0636\u0631\u0629 \u0641\u064a \u0627\u0644\u0647\u0646\u062f\u0633\u0629 \u0627\u0644\u0645\u062f\u0646\u064a\u0629\u0645\u062d\u0627\u0636\u0631\u0629 \u0641\u064a \u0627\u0644\u0647\u0646\u062f\u0633\u0629 \u0627\u0644\u0645\u062f\u0646\u064a\u0629\u0645\u062d\u0627\u0636\u0631\u0629 \u0641\u064a \u0627\u0644\u0647\u0646\u062f\u0633\u0629 \u0627\u0644\u0645\u062f\u0646\u064a\u0629\u0645\u062d\u0627\u0636\u0631\u0629 \u0641\u064a \u0627\u0644\u0647\u0646\u062f\u0633\u0629 \u0627\u0644\u0645\u062f\u0646\u064a\u0629\u0645\u062d\u0627\u0636\u0631\u0629 \u0641\u064a \u0627\u0644\u0647\u0646\u062f\u0633\u0629 \u0627\u0644\u0645\u062f\u0646\u064a\u0629", "link": "http://127.0.0.1:8000/admin", "year": "2017-09-04", "term": 3, "content_type": 3, "week_number": 9, "user": 1, "topic": 11, "professor": [4]}}, {"model": "cms.task", "pk": 1, "fields": {"name": "\u0628\u062d\u062b \u0639\u0646 \u0627\u0644\u062a\u0641\u0627\u0636\u0644", "content": "\u0627\u0628\u062d\u062b \u0639\u0646 \u0627\u0644\u062a\u0641\u0627\u0636\u0644 \u0627\u0628\u062d\u062b \u0639\u0646 \u0627\u0644\u062a\u0641\u0627\u0636\u0644 \u0627\u0628\u062d\u062b \u0639\u0646 \u0627\u0644\u062a\u0641\u0627\u0636\u0644 \u0627\u0628\u062d\u062b \u0639\u0646 \u0627\u0644\u062a\u0641\u0627\u0636\u0644 \u0627\u0628\u062d\u062b \u0639\u0646 \u0627\u0644\u062a\u0641\u0627\u0636\u0644 \u0627\u0628\u062d\u062b \u0639\u0646 \u0627\u0644\u062a\u0641\u0627\u0636\u0644 \u0627\u0628\u062d\u062b \u0639\u0646 \u0627\u0644\u062a\u0641\u0627\u0636\u0644 \u0627\u0628\u062d\u062b \u0639\u0646 \u0627\u0644\u062a\u0641\u0627\u0636\u0644", "link": "http://www.google.com", "year": "2017-09-04", "term": 1, "content_type": 3, "week_number": 3, "user": 1, "topic": 11, "deadline": "2017-09-08", "professor": [1]}}, {"model": "cms.usercontribution", "pk": 1, "fields": {"name": "\u0645\u062d\u0627\u0636\u0631\u0629 \u062a\u0641\u0627\u0636\u0644 \u0648\u062a\u0643\u0627\u0645\u0644", "content": "\u062a\u062c\u0631\u0628\u0629 \u0644\u0645\u062d\u0627\u0636\u0631\u0629 \u0627\u0644\u062a\u0641\u0627\u0636\u0644 \u0648\u0627\u0644\u062a\u0643\u0627\u0645\u0644 \u0645\u0646 \u0639\u0636\u0648\u064a\u0629 \u0645\u0634\u0631\u0641. \u062a\u062c\u0631\u0628\u0629 \u0644\u0645\u062d\u0627\u0636\u0631\u0629 \u0627\u0644\u062a\u0641\u0627\u0636\u0644 \u0648\u0627\u0644\u062a\u0643\u0627\u0645\u0644 \u0645\u0646 \u0639\u0636\u0648\u064a\u0629 \u0645\u0634\u0631\u0641.", "link": "http://www.google.com", "year": "2017-09-03", "term": 1, "content_type": 1, "week_number": 2, "status": 3, "supervisior_id": 1, "deadline": "2017-02-01", "user": 1, "topic": 11, "professor": []}}, {"model": "social_django.usersocialauth", "pk": 1, "fields": {"user": 10, "provider": "facebook", "uid": "10209157926644871", "extra_data": "{\"token_type\": null, \"expires\": 5183680, \"denied_scopes\": null, \"granted_scopes\": [\"email\", \"public_profile\"], \"auth_time\": 1497252970, \"access_token\": \"EAAbG6uXyktIBADeXeBFBWTLT37aKpTdpSbgVe26d9hhf9S9TvA8HseONOTIzgoe90ZA8aTOuljpBkMldiZBAQtDYJ1cZC4VkQZAn0mv3YDPxds2ul0Pkijwbg0GmPW889GW5ZAABjfMKnCgwzs8fIfHZAqyUASRr4ZD\", \"id\": \"10209157926644871\"}"}}]
