[{"model": "auth.group", "pk": 1, "fields": {"name": "Super visiors", "permissions": [1, 76, 77, 78, 70, 71, 52, 53, 64, 65, 47, 67, 68]}}, {"model": "auth.user", "pk": 1, "fields": {"password": "pbkdf2_sha256$30000$fMt60cFDeIcx$3VB3pkmYWQADJRNtDrx8fIhH2HZSMyC3QZeokmG0dWQ=", "last_login": "2017-09-08T10:52:26.400Z", "is_superuser": true, "username": "ibrahem3amer", "first_name": "", "last_name": "", "email": "ibrahem3amer@gmail.com", "is_staff": true, "is_active": true, "date_joined": "2017-04-30T20:02:13.621Z", "groups": [], "user_permissions": []}}, {"model": "auth.user", "pk": 2, "fields": {"password": "112255", "last_login": null, "is_superuser": false, "username": "ibrahem", "first_name": "", "last_name": "", "email": "ibrahem3amer@hotmail.com", "is_staff": false, "is_active": true, "date_joined": "2017-05-11T17:28:48.836Z", "groups": [], "user_permissions": []}}, {"model": "auth.user", "pk": 9, "fields": {"password": "123456", "last_login": null, "is_superuser": false, "username": "mhmza", "first_name": "mahamad", "last_name": "hamza", "email": "mhamza@mm.com", "is_staff": false, "is_active": true, "date_joined": "2017-05-14T17:12:58.014Z", "groups": [], "user_permissions": []}}, {"model": "auth.user", "pk": 10, "fields": {"password": "!uO4PTOj9y4POMoyFp3PYQpaOcQw8d685K75MGuoK", "last_login": "2017-06-12T07:36:10Z", "is_superuser": false, "username": "IbrahemAmer", "first_name": "Ibrahem", "last_name": "A'mer", "email": "ibrahem3amer@hotmail.com", "is_staff": true, "is_active": true, "date_joined": "2017-05-16T11:58:36Z", "groups": [1], "user_permissions": []}}, {"model": "auth.user", "pk": 16, "fields": {"password": "01092053058hema", "last_login": null, "is_superuser": false, "username": "ahmedadel", "first_name": "ahmed", "last_name": "adel", "email": "ahmedadel@hotmail.com", "is_staff": false, "is_active": true, "date_joined": "2017-05-19T15:47:34.321Z", "groups": [], "user_permissions": []}}, {"model": "auth.user", "pk": 17, "fields": {"password": "pbkdf2_sha256$30000$e7zeSQULkfFq$wdXgsosTpxt6P7fvqle+FfII8exGBaYL4wvzpxNzNMc=", "last_login": null, "is_superuser": false, "username": "passwordhashing", "first_name": "", "last_name": "", "email": "password@passswordddd.com", "is_staff": false, "is_active": true, "date_joined": "2017-05-19T16:19:36.713Z", "groups": [], "user_permissions": []}}, {"model": "auth.user", "pk": 18, "fields": {"password": "pbkdf2_sha256$30000$tpHSDYGnt7fB$dSzLNQ25ANwefHngGncMQZLG1MZ/5UGzVouuPoww0Rg=", "last_login": null, "is_superuser": false, "username": "hema", "first_name": "", "last_name": "", "email": "hema@yahoo.com", "is_staff": false, "is_active": true, "date_joined": "2017-05-19T16:35:50.310Z", "groups": [], "user_permissions": []}}, {"model": "auth.user", "pk": 19, "fields": {"password": "pbkdf2_sha256$30000$N7W25DPBJreB$O5uXVImschUleOyyDrYRPQtYFgkYJegGKyEhklfaoyA=", "last_login": "2017-05-19T17:57:48.982Z", "is_superuser": false, "username": "fuck", "first_name": "", "last_name": "", "email": "fuck@fuck.com", "is_staff": false, "is_active": true, "date_joined": "2017-05-19T17:57:41.197Z", "groups": [], "user_permissions": []}}, {"model": "auth.user", "pk": 20, "fields": {"password": "pbkdf2_sha256$30000$dEyqdCCpaHdf$eU+5W6eF0rtTsSci4oaDqJHb6uIjDYixOS/xrhLcV1c=", "last_login": null, "is_superuser": false, "username": "fuckkk", "first_name": "", "last_name": "", "email": "ficcckck@hotmail.com", "is_staff": false, "is_active": true, "date_joined": "2017-05-19T17:59:24.596Z", "groups": [], "user_permissions": []}}, {"model": "auth.user", "pk": 21, "fields": {"password": "pbkdf2_sha256$30000$rtIKH2FVpmLw$zoYLjFrB3I5jeHu1n6ol31pmFlxhHhbhIUN88sYlUCQ=", "last_login": "2017-05-19T21:27:59.398Z", "is_superuser": false, "username": "newfuck", "first_name": "", "last_name": "", "email": "ficcxxckck@hotmail.com", "is_staff": false, "is_active": true, "date_joined": "2017-05-19T21:27:50.510Z", "groups": [], "user_permissions": []}}, {"model": "auth.user", "pk": 22, "fields": {"password": "pbkdf2_sha256$36000$7mQBH5WzklBg$+xYgVsa3rjuGEfPZ+BZa5pMvgo6qhaHuFYfEm3V9drw=", "last_login": "2017-06-16T09:16:47.471Z", "is_superuser": false, "username": "ahmedelpna", "first_name": "", "last_name": "", "email": "ahmedelpna@gmail.com", "is_staff": false, "is_active": true, "date_joined": "2017-06-16T09:16:35.739Z", "groups": [], "user_permissions": []}}, {"model": "auth.user", "pk": 23, "fields": {"password": "pbkdf2_sha256$36000$5krWaJlLu40Z$H7dlwUq4gy0btmJERnM+7Cz/o/MdjdCluim8SqfsE9M=", "last_login": "2017-06-16T11:07:08.626Z", "is_superuser": false, "username": "ahmedelpna2", "first_name": "", "last_name": "", "email": "ahmedelpna99@gmail.com", "is_staff": false, "is_active": true, "date_joined": "2017-06-16T09:35:08.044Z", "groups": [], "user_permissions": []}}, {"model": "auth.user", "pk": 24, "fields": {"password": "pbkdf2_sha256$30000$JZrijPzfj1vc$4du8lC+UhLHdDbzda83JYJfuB4iZuFwRcFp+0bZ4+TQ=", "last_login": "2017-09-08T17:48:46Z", "is_superuser": false, "username": "sv_test", "first_name": "", "last_name": "", "email": "ibrahem3amer@hotmddddail.com", "is_staff": true, "is_active": true, "date_joined": "2017-09-08T17:48:33Z", "groups": [1], "user_permissions": []}}, {"model": "sessions.session", "pk": "5upz44d8m4i8j1w2vm8rrvahfwuqyf87", "fields": {"session_data": "OGJhZDMyYzU4YWJiZGUwM2M2NTFjZDVjZGM4MGFmNDU4ODNkZmYwNzp7Il9hdXRoX3VzZXJfaWQiOiIyNCIsImZpcnN0X2Zvcm1fZGF0YSI6eyJmYWN1bHR5IjoiMiIsInVuaXZlcnNpdHkiOiIxIiwiZGVwYXJ0bWVudCI6IjgifSwiX2F1dGhfdXNlcl9oYXNoIjoiMTAxNjU2NzljNTUwMjlkOGZjZmNiZGVhMzkxYjU0YTZhZmFmZTQ2NyIsIl9hdXRoX3VzZXJfYmFja2VuZCI6ImRqYW5nby5jb250cmliLmF1dGguYmFja2VuZHMuTW9kZWxCYWNrZW5kIn0=", "expire_date": "2017-09-22T17:48:46.844Z"}}, {"model": "sessions.session", "pk": "853nd29lkxme7hj34zl8eutfmv2841lk", "fields": {"session_data": "MmQ4N2UwMWQzMDc5ZjQ3Y2MyYmYyZWQ1MWZjMGNlOTQ4NTYzZmI2YTp7Il9hdXRoX3VzZXJfaWQiOiIxIiwiX2F1dGhfdXNlcl9oYXNoIjoiOWQ4MjhjZDdlMzc0NTNhYWNiMmFmODA4N2ZkOWFlN2YwNmJiYWU0OSIsImNob2ljZXMiOlsiMTFfMF8wIiwiMTFfMF8xIiwiMTFfMF8yIiwiMTFfMF8zIiwiMTFfMF80IiwiMTFfMF81IiwiMTFfMl8wIiwiMTFfMl8xIiwiMTFfMl8yIiwiMTFfMl8zIiwiMTFfMl80IiwiMTFfMl81IiwiMTFfNF8wIiwiMTFfNF8xIiwiMTFfNF8yIiwiMTFfNF8zIiwiMTFfNF80IiwiMTFfNF81IiwiMTJfMF8wIiwiMTJfMF8xIiwiMTJfMF8yIiwiMTJfMF8zIiwiMTJfMF80IiwiMTJfMF81IiwiMTJfMl8wIiwiMTJfMl8xIiwiMTJfMl8yIiwiMTJfMl8zIiwiMTJfMl80IiwiMTJfMl81IiwiMTJfNF8wIiwiMTJfNF8xIiwiMTJfNF8yIiwiMTJfNF8zIiwiMTJfNF80IiwiMTJfNF81Il0sIl9hdXRoX3VzZXJfYmFja2VuZCI6ImRqYW5nby5jb250cmliLmF1dGguYmFja2VuZHMuTW9kZWxCYWNrZW5kIn0=", "expire_date": "2017-09-18T10:36:00.665Z"}}, {"model": "sessions.session", "pk": "amkl9a77ztsz8mj49l1d2ozna9e7ixuv", "fields": {"session_data": "MmQ0YTJmNTVjYTQwMGRlY2NkZTI3Nzc2NzBhZTRiOWRlODBjNGQwYzp7Il9hdXRoX3VzZXJfaWQiOiIyMyIsIl9hdXRoX3VzZXJfYmFja2VuZCI6ImRqYW5nby5jb250cmliLmF1dGguYmFja2VuZHMuTW9kZWxCYWNrZW5kIiwiX2F1dGhfdXNlcl9oYXNoIjoiYTk2ZmRlYTM5NzkyNmNhYTdiMTMyMTliMDQ2OTYxMTdkM2YwZDc4NSJ9", "expire_date": "2017-06-30T11:07:08.797Z"}}, {"model": "sessions.session", "pk": "by9gr1xoaj5qmh7b0sdgfl62jkkq2i59", "fields": {"session_data": "ZWQwNzg0MTE2M2NhOTQyMGU3NTliOTU5MDNhNzQzMGExMDdmYzE0MTp7Il9hdXRoX3VzZXJfaWQiOiIxIiwiX2F1dGhfdXNlcl9oYXNoIjoiOWQ4MjhjZDdlMzc0NTNhYWNiMmFmODA4N2ZkOWFlN2YwNmJiYWU0OSIsIl9hdXRoX3VzZXJfYmFja2VuZCI6ImRqYW5nby5jb250cmliLmF1dGguYmFja2VuZHMuTW9kZWxCYWNrZW5kIn0=", "expire_date": "2017-06-30T19:36:53.199Z"}}, {"model": "sessions.session", "pk": "cmgomlngmzg3mrnfybu2pta05o5iy73e", "fields": {"session_data": "M2MwMzlmOTZiZTYxZmFhNmExY2I4NWVkYzZkNTAwODc3NGI2ZjIwZjp7Il9hdXRoX3VzZXJfYmFja2VuZCI6ImRqYW5nby5jb250cmliLmF1dGguYmFja2VuZHMuTW9kZWxCYWNrZW5kIiwiX2F1dGhfdXNlcl9oYXNoIjoiOWQ4MjhjZDdlMzc0NTNhYWNiMmFmODA4N2ZkOWFlN2YwNmJiYWU0OSIsIl9hdXRoX3VzZXJfaWQiOiIxIn0=", "expire_date": "2017-07-29T09:44:06.669Z"}}, {"model": "sessions.session", "pk": "f66dc701hq2eugvo6ok46nhx2k6dk1sk", "fields": {"session_data": "NmJmY2E1YzlkYWJjOTQwN2ZkMTU3MjZmODgxNGYwZTY5MzgwZTFiMjp7ImZpcnN0X2Zvcm1fZGF0YSI6eyJkZXBhcnRtZW50IjoiMSIsInVuaXZlcnNpdHkiOiIxIiwiZmFjdWx0eSI6IjIifSwiX2F1dGhfdXNlcl9iYWNrZW5kIjoiZGphbmdvLmNvbnRyaWIuYXV0aC5iYWNrZW5kcy5Nb2RlbEJhY2tlbmQiLCJfYXV0aF91c2VyX2lkIjoiMjEiLCJfYXV0aF91c2VyX2hhc2giOiJhMzgwYjljZWYwNGVjNmQwODQxOGNhMmU0MGM5MTU0ZDM4MWE0OWRlIn0=", "expire_date": "2017-06-02T21:27:59.540Z"}}, {"model": "sessions.session", "pk": "fjcdmotampgx6wvi63al1rv4d9k5sgl4", "fields": {"session_data": "ODQ4MDViZmE0MTA5MmJmNGIxMzkxNmU1MTg4ZWY2N2MyN2E4MmQzMzp7ImNob2ljZXMiOlsiMTFfMF8wIiwiMTFfMF8xIiwiMTFfMF8yIiwiMTFfMF8zIiwiMTFfMF80IiwiMTFfMF81IiwiMTFfMV8wIiwiMTFfMV8xIiwiMTFfMV8yIiwiMTFfMV8zIiwiMTFfMV80IiwiMTFfMV81IiwiMTFfMl8wIiwiMTFfMl8xIiwiMTFfMl8yIiwiMTFfMl8zIiwiMTFfMl80IiwiMTFfMl81IiwiMTFfM18wIiwiMTFfM18xIiwiMTFfM18yIiwiMTFfM18zIiwiMTFfM180IiwiMTFfM181IiwiMTFfNF8wIiwiMTFfNF8xIiwiMTFfNF8yIiwiMTFfNF8zIiwiMTFfNF80IiwiMTFfNF81IiwiMTFfNV8wIiwiMTFfNV8xIiwiMTFfNV8yIiwiMTFfNV8zIiwiMTFfNV80IiwiMTFfNV81IiwiMTFfNl8wIiwiMTFfNl8xIiwiMTFfNl8yIiwiMTFfNl8zIiwiMTFfNl80IiwiMTFfNl81Il0sIl9hdXRoX3VzZXJfaWQiOiIxIiwiX2F1dGhfdXNlcl9iYWNrZW5kIjoiZGphbmdvLmNvbnRyaWIuYXV0aC5iYWNrZW5kcy5Nb2RlbEJhY2tlbmQiLCJfYXV0aF91c2VyX2hhc2giOiI5ZDgyOGNkN2UzNzQ1M2FhY2IyYWY4MDg3ZmQ5YWU3ZjA2YmJhZTQ5In0=", "expire_date": "2017-09-22T11:03:33.709Z"}}, {"model": "sessions.session", "pk": "gbrnov72cxw1o8gn89rfvn7in5vb7i46", "fields": {"session_data": "MTQ3Yzg0NmIxYmIyNTg5ODlhNDBkZTMzOTA1ZDU3NWRmZmMwOWRmZjp7InNvY2lhbF9hdXRoX2xhc3RfbG9naW5fYmFja2VuZCI6ImZhY2Vib29rIiwibmV4dCI6Ii91c2Vycy9ob21lIiwiX2F1dGhfdXNlcl9pZCI6IjEwIiwiX2F1dGhfdXNlcl9iYWNrZW5kIjoic29jaWFsX2NvcmUuYmFja2VuZHMuZmFjZWJvb2suRmFjZWJvb2tPQXV0aDIiLCJmYWNlYm9va19zdGF0ZSI6ImRiSmhNWlhSWFdVU1pGUk1XUFBzR2ZoMnZxeElENkNFIiwiX2F1dGhfdXNlcl9oYXNoIjoiOThhNjQ1N2FiNzQ1Y2Q1YzYzNmI5ZWY2ZjRkMDA0MTk0MDZiMjQ4NiJ9", "expire_date": "2017-06-26T07:36:10.814Z"}}, {"model": "sessions.session", "pk": "jnqu4wnlkbkezc4ydjix68bby9is8z1s", "fields": {"session_data": "MjZhZTY1ZTY5Y2RjNzU5NmY5NzNhNWE2MmQ4MDMyMGNlMDU3MTEzMjp7ImZpcnN0X2Zvcm1fZGF0YSI6eyJ1bml2ZXJzaXR5IjoiMSIsImZhY3VsdHkiOiIxIiwiZGVwYXJ0bWVudCI6IjEifSwiX2F1dGhfdXNlcl9pZCI6IjIzIiwiX2F1dGhfdXNlcl9iYWNrZW5kIjoiZGphbmdvLmNvbnRyaWIuYXV0aC5iYWNrZW5kcy5Nb2RlbEJhY2tlbmQiLCJfYXV0aF91c2VyX2hhc2giOiJhOTZmZGVhMzk3OTI2Y2FhN2IxMzIxOWIwNDY5NjExN2QzZjBkNzg1In0=", "expire_date": "2017-06-30T09:35:18.924Z"}}, {"model": "sessions.session", "pk": "ot2ju4bgaphq57vblotwvn9kib7hy523", "fields": {"session_data": "MTVjZDhmNmQ2NmFmNWExOGNmYjU2MTFhM2JhYmEyOWY5ZGZkMTU1YTp7ImZpcnN0X2Zvcm1fZGF0YSI6eyJkZXBhcnRtZW50IjoiMSIsInVuaXZlcnNpdHkiOiIxIiwiZmFjdWx0eSI6IjEifSwiZmFjZWJvb2tfc3RhdGUiOiI3MzkxSTRuVXdROEdNczlTU3BKY2xwdFJjNVZCckZlQiJ9", "expire_date": "2017-05-30T11:55:29.272Z"}}, {"model": "users.university", "pk": 1, "fields": {"name": "\u062c\u0627\u0645\u0639\u0629 \u0627\u0644\u0645\u0646\u0635\u0648\u0631\u0629", "bio": "no data initialized", "location": "no data initialized", "headmaster": "Professors name", "rank": -1, "uni_type": "public"}}, {"model": "users.university", "pk": 2, "fields": {"name": "\u062c\u0627\u0645\u0639\u0629 \u0643\u0641\u0631 \u0627\u0644\u0634\u064a\u062e", "bio": "no data initialized", "location": "no data initialized", "headmaster": "Professors name", "rank": -1, "uni_type": "public"}}, {"model": "users.faculty", "pk": 1, "fields": {"name": "\u0643\u0644\u064a\u0629 \u0627\u0644\u0639\u0644\u0648\u0645", "bio": "no data initialized", "location": "no data initialized", "headmaster": "Professors name", "rank": -1, "university": 1}}, {"model": "users.faculty", "pk": 2, "fields": {"name": "\u0643\u0644\u064a\u0629 \u0627\u0644\u062d\u0627\u0633\u0628\u0627\u062a \u0648\u0627\u0644\u0645\u0639\u0644\u0648\u0645\u0627\u062a", "bio": "no data initialized", "location": "no data initialized", "headmaster": "Professors name", "rank": -1, "university": 1}}, {"model": "users.faculty", "pk": 3, "fields": {"name": "\u0643\u0644\u064a\u0629 \u0627\u0644\u0647\u0646\u062f\u0633\u0629", "bio": "no data initialized", "location": "no data initialized", "headmaster": "Professors name", "rank": -1, "university": 1}}, {"model": "users.faculty", "pk": 4, "fields": {"name": "\u0643\u0644\u064a\u0629 \u0627\u0644\u062d\u0627\u0633\u0628\u0627\u062a \u0648\u0627\u0644\u0645\u0639\u0644\u0648\u0645\u0627\u062a", "bio": "no data initialized", "location": "no data initialized", "headmaster": "Professors name", "rank": -1, "university": 2}}, {"model": "users.faculty", "pk": 5, "fields": {"name": "\u0643\u0644\u064a\u0629 \u0627\u0644\u0647\u0646\u062f\u0633\u0629", "bio": "no data initialized", "location": "no data initialized", "headmaster": "Professors name", "rank": -1, "university": 2}}, {"model": "users.department", "pk": 3, "fields": {"name": "1 \u0627\u0644\u0642\u0633\u0645 \u0627\u0644\u0639\u0627\u0645 - \u0645\u062c\u0645\u0648\u0639\u0629 \u0628", "bio": "no data initialized", "location": "no data initialized", "headmaster": "Professors name", "rank": -1, "dep_type": "normal", "faculty": 2}}, {"model": "users.department", "pk": 4, "fields": {"name": "1 \u0627\u0644\u0642\u0633\u0645 \u0627\u0644\u0639\u0627\u0645 - \u0645\u062c\u0645\u0648\u0639\u0629 \u0623", "bio": "no data initialized", "location": "no data initialized", "headmaster": "Professors name", "rank": -1, "dep_type": "normal", "faculty": 2}}, {"model": "users.department", "pk": 5, "fields": {"name": "3 \u0646\u0638\u0645 \u0645\u0639\u0644\u0648\u0645\u0627\u062a", "bio": "no data initialized", "location": "no data initialized", "headmaster": "Professors name", "rank": -1, "dep_type": "normal", "faculty": 2}}, {"model": "users.department", "pk": 6, "fields": {"name": "3 \u0639\u0644\u0648\u0645 \u0627\u0644\u062d\u0627\u0633\u0628", "bio": "no data initialized", "location": "no data initialized", "headmaster": "Professors name", "rank": -1, "dep_type": "normal", "faculty": 2}}, {"model": "users.department", "pk": 7, "fields": {"name": "3 \u062a\u0643\u0646\u0648\u0644\u0648\u062c\u064a\u0627 \u0645\u0639\u0644\u0648\u0645\u0627\u062a", "bio": "no data initialized", "location": "no data initialized", "headmaster": "Professors name", "rank": -1, "dep_type": "normal", "faculty": 2}}, {"model": "users.department", "pk": 8, "fields": {"name": "2 \u0627\u0644\u0642\u0633\u0645 \u0627\u0644\u0639\u0627\u0645 \u0645\u062c\u0645\u0648\u0639\u0629 \u0623", "bio": "no data initialized", "location": "no data initialized", "headmaster": "Professors name", "rank": -1, "dep_type": "normal", "faculty": 2}}, {"model": "users.department", "pk": 9, "fields": {"name": "2 \u0627\u0644\u0642\u0633\u0645 \u0627\u0644\u0639\u0627\u0645\u0629 \u0645\u062c\u0645\u0648\u0639\u0629 \u0628", "bio": "no data initialized", "location": "no data initialized", "headmaster": "Professors name", "rank": -1, "dep_type": "normal", "faculty": 2}}, {"model": "users.department", "pk": 10, "fields": {"name": "4 \u0639\u0644\u0648\u0645 \u0627\u0644\u062d\u0627\u0633\u0628", "bio": "no data initialized", "location": "no data initialized", "headmaster": "Professors name", "rank": -1, "dep_type": "normal", "faculty": 2}}, {"model": "users.department", "pk": 11, "fields": {"name": "4 \u0646\u0638\u0645 \u0645\u0639\u0644\u0648\u0645\u0627\u062a", "bio": "no data initialized", "location": "no data initialized", "headmaster": "Professors name", "rank": -1, "dep_type": "normal", "faculty": 2}}, {"model": "users.department", "pk": 12, "fields": {"name": "4 \u062a\u0643\u0646\u0648\u0644\u0648\u062c\u064a\u0627 \u0645\u0639\u0644\u0648\u0645\u0627\u062a", "bio": "no data initialized", "location": "no data initialized", "headmaster": "Professors name", "rank": -1, "dep_type": "normal", "faculty": 2}}, {"model": "users.department", "pk": 13, "fields": {"name": "1 \u0647\u0646\u062f\u0633\u0629 \u0627\u0644\u0628\u0631\u0645\u062c\u064a\u0627\u062a", "bio": "no data initialized", "location": "no data initialized", "headmaster": "Professors name", "rank": -1, "dep_type": "credit", "faculty": 2}}, {"model": "users.department", "pk": 14, "fields": {"name": "2 \u0647\u0646\u062f\u0633\u0629 \u0627\u0644\u0628\u0631\u0645\u062c\u064a\u0627\u062a", "bio": "no data initialized", "location": "no data initialized", "headmaster": "Professors name", "rank": -1, "dep_type": "credit", "faculty": 2}}, {"model": "users.department", "pk": 15, "fields": {"name": "3 \u0647\u0646\u062f\u0633\u0629 \u0627\u0644\u0628\u0631\u0645\u062c\u064a\u0627\u062a", "bio": "no data initialized", "location": "no data initialized", "headmaster": "Professors name", "rank": -1, "dep_type": "normal", "faculty": 2}}, {"model": "users.department", "pk": 16, "fields": {"name": "4 \u0647\u0646\u062f\u0633\u0629 \u0627\u0644\u0628\u0631\u0645\u062c\u064a\u0627\u062a", "bio": "no data initialized", "location": "no data initialized", "headmaster": "Professors name", "rank": -1, "dep_type": "credit", "faculty": 2}}, {"model": "users.department", "pk": 17, "fields": {"name": "1 \u0645\u0639\u0644\u0648\u0645\u0627\u062a\u064a\u0629 \u0637\u0628\u064a\u0629", "bio": "no data initialized", "location": "no data initialized", "headmaster": "Professors name", "rank": -1, "dep_type": "credit", "faculty": 2}}, {"model": "users.department", "pk": 18, "fields": {"name": "2 \u0645\u0639\u0644\u0648\u0645\u0627\u062a\u064a\u0629 \u0637\u0628\u064a\u0629", "bio": "no data initialized", "location": "no data initialized", "headmaster": "Professors name", "rank": -1, "dep_type": "credit", "faculty": 2}}, {"model": "users.department", "pk": 19, "fields": {"name": "3 \u0645\u0639\u0644\u0648\u0645\u0627\u062a\u064a\u0629 \u0637\u0628\u064a\u0629", "bio": "no data initialized", "location": "no data initialized", "headmaster": "Professors name", "rank": -1, "dep_type": "credit", "faculty": 2}}, {"model": "users.department", "pk": 20, "fields": {"name": "\u0625\u0639\u062f\u0627\u062f\u064a \u0645\u062c\u0645\u0648\u0639\u0629 \u0623", "bio": "no data initialized", "location": "no data initialized", "headmaster": "Professors name", "rank": -1, "dep_type": "normal", "faculty": 5}}, {"model": "users.department", "pk": 21, "fields": {"name": "\u0625\u0639\u062f\u0627\u062f\u064a \u0645\u062c\u0645\u0648\u0639\u0629 \u0628", "bio": "no data initialized", "location": "no data initialized", "headmaster": "Professors name", "rank": -1, "dep_type": "normal", "faculty": 5}}, {"model": "users.department", "pk": 22, "fields": {"name": "1 \u0645\u062f\u0646\u064a", "bio": "no data initialized", "location": "no data initialized", "headmaster": "Professors name", "rank": -1, "dep_type": "normal", "faculty": 5}}, {"model": "users.department", "pk": 23, "fields": {"name": "2 \u0645\u062f\u0646\u064a", "bio": "no data initialized", "location": "no data initialized", "headmaster": "Professors name", "rank": -1, "dep_type": "normal", "faculty": 5}}, {"model": "users.department", "pk": 24, "fields": {"name": "3 \u0645\u062f\u0646\u064a", "bio": "no data initialized", "location": "no data initialized", "headmaster": "Professors name", "rank": -1, "dep_type": "normal", "faculty": 5}}, {"model": "users.department", "pk": 25, "fields": {"name": "4 \u0645\u062f\u0646\u064a", "bio": "no data initialized", "location": "no data initialized", "headmaster": "Professors name", "rank": -1, "dep_type": "normal", "faculty": 5}}, {"model": "users.department", "pk": 26, "fields": {"name": "1 \u0639\u0645\u0627\u0631\u0629", "bio": "no data initialized", "location": "no data initialized", "headmaster": "Professors name", "rank": -1, "dep_type": "normal", "faculty": 5}}, {"model": "users.department", "pk": 27, "fields": {"name": "2 \u0639\u0645\u0627\u0631\u0629", "bio": "no data initialized", "location": "no data initialized", "headmaster": "Professors name", "rank": -1, "dep_type": "normal", "faculty": 5}}, {"model": "users.department", "pk": 28, "fields": {"name": "3 \u0639\u0645\u0627\u0631\u0629", "bio": "no data initialized", "location": "no data initialized", "headmaster": "Professors name", "rank": -1, "dep_type": "normal", "faculty": 5}}, {"model": "users.department", "pk": 29, "fields": {"name": "4 \u0639\u0645\u0627\u0631\u0629", "bio": "no data initialized", "location": "no data initialized", "headmaster": "Professors name", "rank": -1, "dep_type": "normal", "faculty": 5}}, {"model": "users.userprofile", "pk": 1, "fields": {"user": 9, "department": null, "faculty": null, "university": null, "level": 1, "gender": "unset", "count_of_posts": 0, "count_of_replies": 0, "academic_stats": "unset", "last_active_device": "", "topics": []}}, {"model": "users.userprofile", "pk": 3, "fields": {"user": 1, "department": 4, "faculty": 2, "university": 1, "level": 1, "gender": "unset", "count_of_posts": 0, "count_of_replies": 0, "academic_stats": "unset", "last_active_device": "'linux - firefox'", "topics": [11, 12]}}, {"model": "users.userprofile", "pk": 6, "fields": {"user": 16, "department": null, "faculty": 1, "university": 1, "level": 1, "gender": "unset", "count_of_posts": 0, "count_of_replies": 0, "academic_stats": "unset", "last_active_device": "", "topics": []}}, {"model": "users.userprofile", "pk": 7, "fields": {"user": 17, "department": null, "faculty": null, "university": null, "level": 1, "gender": "unset", "count_of_posts": 0, "count_of_replies": 0, "academic_stats": "unset", "last_active_device": "", "topics": []}}, {"model": "users.userprofile", "pk": 8, "fields": {"user": 18, "department": null, "faculty": null, "university": null, "level": 1, "gender": "unset", "count_of_posts": 0, "count_of_replies": 0, "academic_stats": "unset", "last_active_device": "", "topics": []}}, {"model": "users.userprofile", "pk": 9, "fields": {"user": 19, "department": null, "faculty": null, "university": null, "level": 1, "gender": "unset", "count_of_posts": 0, "count_of_replies": 0, "academic_stats": "unset", "last_active_device": "", "topics": []}}, {"model": "users.userprofile", "pk": 10, "fields": {"user": 20, "department": null, "faculty": null, "university": null, "level": 1, "gender": "unset", "count_of_posts": 0, "count_of_replies": 0, "academic_stats": "unset", "last_active_device": "", "topics": []}}, {"model": "users.userprofile", "pk": 11, "fields": {"user": 21, "department": null, "faculty": 2, "university": 1, "level": 1, "gender": "unset", "count_of_posts": 0, "count_of_replies": 0, "academic_stats": "unset", "last_active_device": "", "topics": []}}, {"model": "users.userprofile", "pk": 12, "fields": {"user": 10, "department": null, "faculty": null, "university": null, "level": 1, "gender": "unset", "count_of_posts": 0, "count_of_replies": 0, "academic_stats": "unset", "last_active_device": "", "topics": []}}, {"model": "users.userprofile", "pk": 13, "fields": {"user": 22, "department": 3, "faculty": 1, "university": 1, "level": 1, "gender": "unset", "count_of_posts": 0, "count_of_replies": 0, "academic_stats": "unset", "last_active_device": "", "topics": []}}, {"model": "users.userprofile", "pk": 14, "fields": {"user": 23, "department": null, "faculty": 1, "university": 1, "level": 1, "gender": "unset", "count_of_posts": 0, "count_of_replies": 0, "academic_stats": "unset", "last_active_device": "", "topics": []}}, {"model": "users.userprofile", "pk": 15, "fields": {"user": 24, "department": 8, "faculty": 2, "university": 1, "level": 1, "gender": "unset", "count_of_posts": 0, "count_of_replies": 0, "academic_stats": "unset", "last_active_device": "", "topics": [11]}}, {"model": "cms.topic", "pk": 11, "fields": {"name": "\u0627\u0644\u062a\u0641\u0627\u0636\u0644 \u0648\u0627\u0644\u062a\u0643\u0627\u0645\u0644", "desc": "\u0645\u0627\u062f\u0629 \u062d\u0633\u0627\u0628 \u0627\u0644\u062a\u0641\u0627\u0636\u0644 \u0648\u0627\u0644\u062a\u0643\u0627\u0645\u0644", "term": 2, "weeks": 14, "department": 4, "faculty": 2, "professors": [1]}}, {"model": "cms.topic", "pk": 12, "fields": {"name": "\u0627\u0644\u062f\u0648\u0627\u0626\u0631 \u0627\u0644\u0625\u0644\u0643\u062a\u0631\u0648\u0646\u064a\u0629", "desc": "\u0645\u0627\u062f\u0629 \u0627\u0644\u062f\u0648\u0627\u0626\u0631 \u0627\u0644\u0625\u0644\u0643\u062a\u0631\u0648\u0646\u064a\u0629", "term": 2, "weeks": 14, "department": 3, "faculty": 2, "professors": [2]}}, {"model": "cms.topic", "pk": 13, "fields": {"name": "\u0623\u0633\u0627\u0633\u064a\u0627\u062a \u0627\u0644\u0647\u0646\u062f\u0633\u0629 \u0627\u0644\u0645\u062f\u0646\u064a\u0629", "desc": "\u0645\u0627\u062f\u0629 \u0623\u0633\u0627\u0633\u064a\u0627\u062a \u0627\u0644\u0647\u0646\u062f\u0633\u0629 \u0627\u0644\u0645\u062f\u0646\u064a\u0629", "term": 1, "weeks": 10, "department": 22, "faculty": 3, "professors": [4]}}, {"model": "cms.material", "pk": 1, "fields": {"name": "\u0645\u062d\u0627\u0636\u0631\u0629 \u0627\u0644\u062a\u0641\u0627\u0636\u0644 \u0648\u0627\u0644\u062a\u0643\u0627\u0645\u0644", "content": "\u0645\u062d\u0627\u0636\u0631\u0629 \u0627\u0644\u062a\u0641\u0627\u0636\u0644 \u0648\u0627\u0644\u062a\u0643\u0627\u0645\u0644\u0645\u062d\u0627\u0636\u0631\u0629 \u0627\u0644\u062a\u0641\u0627\u0636\u0644 \u0648\u0627\u0644\u062a\u0643\u0627\u0645\u0644\u0645\u062d\u0627\u0636\u0631\u0629 \u0627\u0644\u062a\u0641\u0627\u0636\u0644 \u0648\u0627\u0644\u062a\u0643\u0627\u0645\u0644\u0645\u062d\u0627\u0636\u0631\u0629 \u0627\u0644\u062a\u0641\u0627\u0636\u0644 \u0648\u0627\u0644\u062a\u0643\u0627\u0645\u0644\u0645\u062d\u0627\u0636\u0631\u0629 \u0627\u0644\u062a\u0641\u0627\u0636\u0644 \u0648\u0627\u0644\u062a\u0643\u0627\u0645\u0644\u0645\u062d\u0627\u0636\u0631\u0629 \u0627\u0644\u062a\u0641\u0627\u0636\u0644 \u0648\u0627\u0644\u062a\u0643\u0627\u0645\u0644\u0645\u062d\u0627\u0636\u0631\u0629 \u0627\u0644\u062a\u0641\u0627\u0636\u0644 \u0648\u0627\u0644\u062a\u0643\u0627\u0645\u0644\u0645\u062d\u0627\u0636\u0631\u0629 \u0627\u0644\u062a\u0641\u0627\u0636\u0644 \u0648\u0627\u0644\u062a\u0643\u0627\u0645\u0644", "link": "https://docs.3amer.com/document/u/0/", "year": "2017-09-04", "term": 1, "content_type": 1, "week_number": 2, "user": 1, "topic": 11, "professor": [1]}}, {"model": "cms.material", "pk": 2, "fields": {"name": "\u0627\u0644\u0645\u062d\u0627\u0636\u0631\u0629 \u0627\u0644\u062b\u0627\u0646\u064a\u0629", "content": "\u0648\u0635\u0641 \u0627\u0644\u0645\u062d\u0627\u0636\u0631\u0629 \u0627\u0644\u062b\u0627\u0646\u064a\u0629 \u0648\u0635\u0641 \u0627\u0644\u0645\u062d\u0627\u0636\u0631\u0629 \u0627\u0644\u062b\u0627\u0646\u064a\u0629 \u0648\u0635\u0641 \u0627\u0644\u0645\u062d\u0627\u0636\u0631\u0629 \u0627\u0644\u062b\u0627\u0646\u064a\u0629 \u0648\u0635\u0641 \u0627\u0644\u0645\u062d\u0627\u0636\u0631\u0629 \u0627\u0644\u062b\u0627\u0646\u064a\u0629 \u0648\u0635\u0641 \u0627\u0644\u0645\u062d\u0627\u0636\u0631\u0629 \u0627\u0644\u062b\u0627\u0646\u064a\u0629 \u0648\u0635\u0641 \u0627\u0644\u0645\u062d\u0627\u0636\u0631\u0629 \u0627\u0644\u062b\u0627\u0646\u064a\u0629 \u0648\u0635\u0641 \u0627\u0644\u0645\u062d\u0627\u0636\u0631\u0629 \u0627\u0644\u062b\u0627\u0646\u064a\u0629", "link": "https://docsss.3amer.com/document/u/0/", "year": "2017-09-04", "term": 1, "content_type": 1, "week_number": 3, "user": 1, "topic": 12, "professor": [3]}}, {"model": "cms.material", "pk": 3, "fields": {"name": "\u0645\u062d\u0627\u0636\u0631\u0629 \u062a\u0627\u0646\u064a\u0629", "content": "\u0645\u062d\u0627\u0636\u0631\u0629 \u062a\u0627\u0646\u064a\u0629\u0645\u062d\u0627\u0636\u0631\u0629 \u062a\u0627\u0646\u064a\u0629\u0645\u062d\u0627\u0636\u0631\u0629 \u062a\u0627\u0646\u064a\u0629\u0645\u062d\u0627\u0636\u0631\u0629 \u062a\u0627\u0646\u064a\u0629\u0645\u062d\u0627\u0636\u0631\u0629 \u062a\u0627\u0646\u064a\u0629\u0645\u062d\u0627\u0636\u0631\u0629 \u062a\u0627\u0646\u064a\u0629", "link": "http://www.broken.com", "year": "2017-09-04", "term": 2, "content_type": 2, "week_number": 6, "user": 1, "topic": 11, "professor": [3]}}, {"model": "cms.material", "pk": 4, "fields": {"name": "\u0645\u062d\u0627\u0636\u0631\u0629 \u0641\u064a \u0627\u0644\u0647\u0646\u062f\u0633\u0629 \u0627\u0644\u0645\u062f\u0646\u064a\u0629", "content": "\u0645\u062d\u0627\u0636\u0631\u0629 \u0641\u064a \u0627\u0644\u0647\u0646\u062f\u0633\u0629 \u0627\u0644\u0645\u062f\u0646\u064a\u0629\u0645\u062d\u0627\u0636\u0631\u0629 \u0641\u064a \u0627\u0644\u0647\u0646\u062f\u0633\u0629 \u0627\u0644\u0645\u062f\u0646\u064a\u0629\u0645\u062d\u0627\u0636\u0631\u0629 \u0641\u064a \u0627\u0644\u0647\u0646\u062f\u0633\u0629 \u0627\u0644\u0645\u062f\u0646\u064a\u0629\u0645\u062d\u0627\u0636\u0631\u0629 \u0641\u064a \u0627\u0644\u0647\u0646\u062f\u0633\u0629 \u0627\u0644\u0645\u062f\u0646\u064a\u0629\u0645\u062d\u0627\u0636\u0631\u0629 \u0641\u064a \u0627\u0644\u0647\u0646\u062f\u0633\u0629 \u0627\u0644\u0645\u062f\u0646\u064a\u0629\u0645\u062d\u0627\u0636\u0631\u0629 \u0641\u064a \u0627\u0644\u0647\u0646\u062f\u0633\u0629 \u0627\u0644\u0645\u062f\u0646\u064a\u0629", "link": "http://127.0.0.1:8000/admin", "year": "2017-09-04", "term": 3, "content_type": 3, "week_number": 9, "user": 1, "topic": 11, "professor": [4]}}, {"model": "cms.task", "pk": 1, "fields": {"name": "\u0628\u062d\u062b \u0639\u0646 \u0627\u0644\u062a\u0641\u0627\u0636\u0644", "content": "\u0627\u0628\u062d\u062b \u0639\u0646 \u0627\u0644\u062a\u0641\u0627\u0636\u0644 \u0627\u0628\u062d\u062b \u0639\u0646 \u0627\u0644\u062a\u0641\u0627\u0636\u0644 \u0627\u0628\u062d\u062b \u0639\u0646 \u0627\u0644\u062a\u0641\u0627\u0636\u0644 \u0627\u0628\u062d\u062b \u0639\u0646 \u0627\u0644\u062a\u0641\u0627\u0636\u0644 \u0627\u0628\u062d\u062b \u0639\u0646 \u0627\u0644\u062a\u0641\u0627\u0636\u0644 \u0627\u0628\u062d\u062b \u0639\u0646 \u0627\u0644\u062a\u0641\u0627\u0636\u0644 \u0627\u0628\u062d\u062b \u0639\u0646 \u0627\u0644\u062a\u0641\u0627\u0636\u0644 \u0627\u0628\u062d\u062b \u0639\u0646 \u0627\u0644\u062a\u0641\u0627\u0636\u0644", "link": "http://www.google.com", "year": "2017-09-04", "term": 1, "content_type": 3, "week_number": 3, "user": 1, "topic": 11, "deadline": "2017-09-08", "professor": [1]}}, {"model": "cms.event", "pk": 1, "fields": {"name": "\u0627\u064a\u0641\u064a\u0646\u062a \u062c\u062f\u064a\u062f", "content": "\u064a\u0644\u0627 \u064a\u0644\u0627 \u064a\u0644\u0627 \u064a\u0644\u0627 \u064a\u0644\u0627 \u064a\u0644\u0627 \u064a\u0644\u0627  \u064a\u0644\u0627 \u064a\u0644\u0627", "dep": 3, "faculty": null, "university": null, "all_app": false, "deadline": "2017-09-09"}}, {"model": "cms.event", "pk": 2, "fields": {"name": "\u0627\u064a\u0641\u064a\u0646\u062a \u0644\u0642\u0633\u0645 \u062a\u0627\u0646\u064a", "content": "\u0645\u062d\u062a\u0648\u0649 \u0645\u062d\u062a\u0648\u0649 \u0645\u062d\u062a\u0648\u0649 \u0645\u062d\u062a\u0648\u0649 \u0645\u062d\u062a\u0648\u0649 \u0645\u062d\u062a\u0648\u0649", "dep": 8, "faculty": null, "university": null, "all_app": false, "deadline": "2017-09-10"}}, {"model": "cms.event", "pk": 3, "fields": {"name": "\u0627\u064a\u0641\u064a\u0646\u062a \u0645\u0646 \u0627\u0644\u0645\u0634\u0631\u0641", "content": "\u0647\u0627\u064a \u064a\u0627 \u062d\u0644\u0648\u064a\u0646 \u062f\u0647 \u0627\u064a\u0641\u064a\u0646\u062a \u0645\u0646  \u064a\u0627 \u062f\u0647 \u0627\u064a\u0641\u064a\u0646\u062a \u0645\u0646 \u0627\u0644\u0645\u0634\u0631\u0641", "dep": 8, "faculty": null, "university": null, "all_app": false, "deadline": "2017-09-11"}}, {"model": "cms.event", "pk": 4, "fields": {"name": "\u0627\u064a\u0641\u064a\u0646\u062a \u0639\u0644\u0649 \u0645\u0633\u062a\u0648\u0649 \u0627\u0644\u0643\u0644\u064a\u0629", "content": "\u0639\u0644\u0649 \u0645\u0633\u062a\u0648\u0649 \u0627\u0644\u0643\u0644\u064a\u0629 \u064a\u0634\u0628\u0628", "dep": 9, "faculty": 2, "university": null, "all_app": false, "deadline": "2017-09-11"}}, {"model": "cms.usercontribution", "pk": 1, "fields": {"name": "\u0645\u062d\u0627\u0636\u0631\u0629 \u062a\u0641\u0627\u0636\u0644 \u0648\u062a\u0643\u0627\u0645\u0644", "content": "\u062a\u062c\u0631\u0628\u0629 \u0644\u0645\u062d\u0627\u0636\u0631\u0629 \u0627\u0644\u062a\u0641\u0627\u0636\u0644 \u0648\u0627\u0644\u062a\u0643\u0627\u0645\u0644 \u0645\u0646 \u0639\u0636\u0648\u064a\u0629 \u0645\u0634\u0631\u0641. \u062a\u062c\u0631\u0628\u0629 \u0644\u0645\u062d\u0627\u0636\u0631\u0629 \u0627\u0644\u062a\u0641\u0627\u0636\u0644 \u0648\u0627\u0644\u062a\u0643\u0627\u0645\u0644 \u0645\u0646 \u0639\u0636\u0648\u064a\u0629 \u0645\u0634\u0631\u0641.", "link": "http://www.google.com", "year": "2017-09-03", "term": 1, "content_type": 1, "week_number": 2, "status": 3, "supervisior_id": 1, "deadline": "2017-02-01", "user": 1, "topic": 11, "professor": []}}, {"model": "cms.professor", "pk": 1, "fields": {"name": "\u0623\u062d\u0645\u062f \u0623\u0628\u0648 \u0627\u0644\u0641\u062a\u0648\u062d", "faculty": 2, "bio": "\u0642\u0633\u0645 \u0646\u0638\u0645 \u0627\u0644\u0645\u0639\u0644\u0648\u0645\u0627\u062a - \u0643\u0644\u064a\u0629 \u0627\u0644\u062d\u0627\u0633\u0628\u0627\u062a \u0648\u0627\u0644\u0645\u0639\u0644\u0648\u0645\u0627\u062a - \u062c\u0627\u0645\u0639\u0629 \u0627\u0644\u0645\u0646\u0635\u0648\u0631\u0629", "picture": "openImg.jpeg", "email": "elfetouh@gmail.com", "website": "", "linkedn": ""}}, {"model": "cms.professor", "pk": 2, "fields": {"name": "\u0623\u062d\u0645\u062f \u0627\u0644\u062d\u0633\u064a\u0646 \u0627\u0644\u0633\u064a\u062f", "faculty": 2, "bio": "\u0639\u0644\u0648\u0645 \u0627\u0644\u062d\u0627\u0633\u0628 - \u0643\u0644\u064a\u0629 \u0627\u0644\u062d\u0627\u0633\u0628\u0627\u062a \u0648\u0627\u0644\u0645\u0639\u0644\u0648\u0645\u0627\u062a - \u062c\u0627\u0645\u0639\u0629 \u0627\u0644\u0645\u0646\u0635\u0648\u0631\u0629", "picture": "openImg_5zlWZKe.jpeg", "email": "", "website": "", "linkedn": ""}}, {"model": "cms.professor", "pk": 3, "fields": {"name": "\u0623\u062d\u0645\u062f \u0627\u0644\u0633\u0639\u064a\u062f \u062f\u0627\u0648\u062f", "faculty": 2, "bio": "\u0639\u0644\u0648\u0645 \u0627\u0644\u062d\u0627\u0633\u0628 - \u0643\u0644\u064a\u0629 \u0627\u0644\u062d\u0627\u0633\u0628\u0627\u062a \u0648\u0627\u0644\u0645\u0639\u0644\u0648\u0645\u0627\u062a - \u062c\u0627\u0645\u0639\u0629 \u0627\u0644\u0645\u0646\u0635\u0648\u0631\u0629", "picture": "openImg_HWWjZtS.jpeg", "email": "ahmedn1dawod@mans.edu.eg", "website": "http://n1science.wordpress.com/", "linkedn": ""}}, {"model": "cms.professor", "pk": 4, "fields": {"name": "\u0623\u062d\u0645\u062f \u0639\u0637\u0648\u0627\u0646 \u0645\u062d\u0645\u062f", "faculty": 2, "bio": "\u0642\u0633\u0645 \u062a\u0643\u0646\u0648\u0644\u0648\u062c\u064a\u0627 \u0627\u0644\u0645\u0639\u0644\u0648\u0645\u0627\u062a - \u0643\u0644\u064a\u0629 \u0627\u0644\u062d\u0627\u0633\u0628\u0627\u062a \u0648\u0627\u0644\u0645\u0639\u0644\u0648\u0645\u0627\u062a - \u062c\u0627\u0645\u0639\u0629 \u0627\u0644\u0645\u0646\u0635\u0648\u0631\u0629", "picture": "openImg_wJkX3sY.jpeg", "email": "atwan@mans.edu.eg", "website": "", "linkedn": ""}}, {"model": "cms.topictable", "pk": 1, "fields": {"topics": "[['\u0645\u062d\u0627\u0636\u0631\u0629 \u0627\u0644\u062a\u0641\u0627\u0636\u0644 \u0648\u0627\u0644\u062a\u0643\u0627\u0645\u0644 \u062f\u0643\u062a\u0648\u0631 \u0623\u062d\u0645\u062f \u0623\u0628\u0648 \u0627\u0644\u0641\u062a\u0648\u062d', '', '', '\u0633\u0643\u0634\u0646 1 \u0628\u0634\u0645\u0647\u0646\u062f\u0633\u0629 \u0625\u064a\u0645\u0627\u0646 \u0627\u0644\u0637\u0648\u064a\u0644', '', ''], ['', '', '', '', '', ''], ['', '\u0645\u062d\u0627\u0636\u0631\u0629 \u0645\u0628\u0627\u062f\u0626 \u0627\u0644\u062a\u0641\u0627\u0636\u0644 \u062f\u0643\u062a\u0648\u0631 \u0648\u0627\u0626\u0644', '', '', '\u0633\u0643\u0634\u0646 \u0628\u0634\u0645\u0647\u0646\u062f\u0633\u0629 \u0627\u064a\u0645\u0627\u0646 \u0627\u0644\u0642\u0635\u064a\u0631 \u0645\u062c\u0645\u0648\u0639\u0629 22', ''], ['', '', '', '', '', ''], ['', '', '', '', '', ''], ['', '', '', '', '', ''], ['', '', '', '', '', '']]", "places": "[['\u0645\u062f\u0631\u062c \u0627\u0644\u0634\u0639\u0628', '', '', '\u0645\u0639\u0645\u0644 99', '', ''], ['', '', '', '', '', ''], ['', '\u0645\u062f\u0631\u062c \u0627\u0644\u0645\u0644\u0643 \u0627\u0644\u0635\u0627\u0644\u062d', '', '', '\u0645\u062f\u0631\u062c 33', ''], ['', '', '', '', '', ''], ['', '', '', '', '', ''], ['', '', '', '', '', ''], ['', '', '', '', '', '']]", "off_days": "['6', '7']", "json": "", "topic": 11}}, {"model": "cms.topictable", "pk": 2, "fields": {"topics": "[['\u0645\u062d\u0627\u0636\u0631\u0629 \u0627\u0644\u062f\u0648\u0627\u0626\u0631 \u0627\u0644\u0625\u0644\u0643\u062a\u0631\u0648\u0646\u064a\u0629 \u062f\u0643\u062a\u0648\u0631 \u0645\u062f\u062d\u062a', '', '\u0645\u062d\u0627\u0636\u0631\u0629 \u062c\u0645\u064a\u0644\u0629', '', '', '\u0633\u0643\u0634\u0646 1 \u0628\u0634\u0645\u0647\u0646\u062f\u0633 \u0639\u0645\u0631\u0648 \u0627\u0644\u0623\u0644\u0645\u0627\u0646\u064a'], ['', '', '\u0633\u0643\u0634\u0646 \u0628\u0634\u0645\u0647\u0646\u062f\u0633 \u0639\u0645\u0631\u0648 \u0645\u062c9\u060c \u0645\u062c10\u060c \u0645\u062c11\u060c \u0645\u062c12', '\u0645\u062d\u0627\u0636\u0631\u0629 \u062f\u0643\u062a\u0648\u0631 \u0639\u0628\u0633\u0644\u0627\u0645', '', ''], ['', '\u0633\u0643\u0634\u0646 \u0628\u0634\u0645\u0647\u0646\u062f\u0633\u0629 \u0646\u0631\u0645\u064a\u0646', '\u0633\u0643\u0634\u0646 \u0628\u0634\u0645\u0647\u0646\u062f\u0633\u0629 \u0646\u0631\u0645\u064a\u0646', '', '\u0633\u0643\u0634\u0646 \u0628\u0634\u0645\u0647\u0646\u062f\u0633 \u0639\u0645\u0631\u0648', ''], ['', '', '', '', '', ''], ['', '', '', '\u0627\u0633\u0645 \u0645\u062d\u0627\u0636\u0631\u0629 \u0637\u0648\u064a\u0644 \u0627\u0633\u0645 \u0645\u062d\u0627\u0636\u0631\u0629 \u0637\u0648\u064a\u0644 \u0627\u0633\u0645 \u0645\u062d\u0627\u0636\u0631\u0629 \u0637\u0648\u064a\u0644 \u0627\u0633\u0645 \u0645\u062d\u0627\u0636\u0631\u0629 \u0637\u0648\u064a\u0644 \u0627\u0633\u0645 \u0645\u062d\u0627\u0636\u0631\u0629 \u0637\u0648\u064a\u0644 ', '', ''], ['', '', '', '', '', ''], ['', '', '', '', '', '']]", "places": "[['\u0645\u062f\u0631\u062c \u062d\u0645\u062f\u064a \u0627\u0644\u0648\u0632\u064a\u0631', '', '\u0645\u062f\u0631\u062c 5', '', '', '\u0645\u0639\u0645\u0644 9'], ['', '', '\u0645\u0639\u0645\u0644 1', '\u0645\u062f\u0631\u062c \u0627\u0644\u0634\u0639\u0628', '', ''], ['', '\u0645\u062f\u0631\u062c 1', '\u0645\u062f\u0631\u062c 1', '', '\u0645\u0639\u0645\u0644 5', ''], ['', '', '', '', '', ''], ['', '', '', '\u0645\u0639\u0645\u0644 50', '', ''], ['', '', '', '', '', ''], ['', '', '', '', '', '']]", "off_days": "['7']", "json": "", "topic": 12}}, {"model": "social_django.usersocialauth", "pk": 1, "fields": {"user": 10, "provider": "facebook", "uid": "10209157926644871", "extra_data": "{\"expires\": 5183680, \"denied_scopes\": null, \"granted_scopes\": [\"email\", \"public_profile\"], \"access_token\": \"EAAbG6uXyktIBADeXeBFBWTLT37aKpTdpSbgVe26d9hhf9S9TvA8HseONOTIzgoe90ZA8aTOuljpBkMldiZBAQtDYJ1cZC4VkQZAn0mv3YDPxds2ul0Pkijwbg0GmPW889GW5ZAABjfMKnCgwzs8fIfHZAqyUASRr4ZD\", \"auth_time\": 1497252970, \"token_type\": null, \"id\": \"10209157926644871\"}"}}, {"model": "admin.logentry", "pk": 1, "fields": {"action_time": "2017-04-30T20:05:25.518Z", "user": 1, "content_type": 7, "object_id": "1", "object_repr": "University object", "action_flag": 1, "change_message": "[{\"added\": {}}]"}}, {"model": "admin.logentry", "pk": 2, "fields": {"action_time": "2017-04-30T20:05:31.669Z", "user": 1, "content_type": 7, "object_id": "2", "object_repr": "University object", "action_flag": 1, "change_message": "[{\"added\": {}}]"}}, {"model": "admin.logentry", "pk": 3, "fields": {"action_time": "2017-05-01T20:47:05.310Z", "user": 1, "content_type": 9, "object_id": "1", "object_repr": "Faculty object", "action_flag": 1, "change_message": "[{\"added\": {}}]"}}, {"model": "admin.logentry", "pk": 4, "fields": {"action_time": "2017-05-01T20:47:10.924Z", "user": 1, "content_type": 9, "object_id": "2", "object_repr": "Faculty object", "action_flag": 1, "change_message": "[{\"added\": {}}]"}}, {"model": "admin.logentry", "pk": 5, "fields": {"action_time": "2017-05-01T20:47:27.277Z", "user": 1, "content_type": 8, "object_id": "1", "object_repr": "Department object", "action_flag": 1, "change_message": "[{\"added\": {}}]"}}, {"model": "admin.logentry", "pk": 6, "fields": {"action_time": "2017-05-01T20:47:35.772Z", "user": 1, "content_type": 8, "object_id": "2", "object_repr": "Department object", "action_flag": 1, "change_message": "[{\"added\": {}}]"}}, {"model": "admin.logentry", "pk": 7, "fields": {"action_time": "2017-05-13T11:14:41.330Z", "user": 1, "content_type": 2, "object_id": "4", "object_repr": "ahmed", "action_flag": 3, "change_message": ""}}, {"model": "admin.logentry", "pk": 8, "fields": {"action_time": "2017-05-16T15:17:09.112Z", "user": 1, "content_type": 13, "object_id": "1", "object_repr": "IbrahemAmer", "action_flag": 2, "change_message": "[]"}}, {"model": "admin.logentry", "pk": 9, "fields": {"action_time": "2017-05-16T16:49:30.314Z", "user": 1, "content_type": 2, "object_id": "11", "object_repr": "test", "action_flag": 2, "change_message": "[{\"changed\": {\"fields\": [\"password\"]}}]"}}, {"model": "admin.logentry", "pk": 10, "fields": {"action_time": "2017-05-17T21:50:58.269Z", "user": 1, "content_type": 10, "object_id": "2", "object_repr": "UserProfile object", "action_flag": 3, "change_message": ""}}, {"model": "admin.logentry", "pk": 11, "fields": {"action_time": "2017-05-17T22:22:55.891Z", "user": 1, "content_type": 10, "object_id": "3", "object_repr": "UserProfile object", "action_flag": 2, "change_message": "[{\"changed\": {\"fields\": [\"department\", \"faculty\", \"university\", \"last_active_device\"]}}]"}}, {"model": "admin.logentry", "pk": 12, "fields": {"action_time": "2017-05-19T15:00:00.866Z", "user": 1, "content_type": 2, "object_id": "13", "object_repr": "cscscscs", "action_flag": 3, "change_message": ""}}, {"model": "admin.logentry", "pk": 13, "fields": {"action_time": "2017-05-19T15:00:00.980Z", "user": 1, "content_type": 2, "object_id": "8", "object_repr": "gggg", "action_flag": 3, "change_message": ""}}, {"model": "admin.logentry", "pk": 14, "fields": {"action_time": "2017-05-19T15:00:01.097Z", "user": 1, "content_type": 2, "object_id": "12", "object_repr": "password", "action_flag": 3, "change_message": ""}}, {"model": "admin.logentry", "pk": 15, "fields": {"action_time": "2017-05-19T15:46:08.979Z", "user": 1, "content_type": 2, "object_id": "5", "object_repr": "ahmed", "action_flag": 3, "change_message": ""}}, {"model": "admin.logentry", "pk": 16, "fields": {"action_time": "2017-05-19T15:46:09.111Z", "user": 1, "content_type": 2, "object_id": "6", "object_repr": "hesham", "action_flag": 3, "change_message": ""}}, {"model": "admin.logentry", "pk": 17, "fields": {"action_time": "2017-05-19T15:46:09.238Z", "user": 1, "content_type": 2, "object_id": "7", "object_repr": "ibrahe3m", "action_flag": 3, "change_message": ""}}, {"model": "admin.logentry", "pk": 18, "fields": {"action_time": "2017-05-19T15:46:09.361Z", "user": 1, "content_type": 2, "object_id": "3", "object_repr": "ibrahemss", "action_flag": 3, "change_message": ""}}, {"model": "admin.logentry", "pk": 19, "fields": {"action_time": "2017-05-19T15:46:09.486Z", "user": 1, "content_type": 2, "object_id": "14", "object_repr": "password", "action_flag": 3, "change_message": ""}}, {"model": "admin.logentry", "pk": 20, "fields": {"action_time": "2017-05-19T15:46:09.604Z", "user": 1, "content_type": 2, "object_id": "11", "object_repr": "test", "action_flag": 3, "change_message": ""}}, {"model": "admin.logentry", "pk": 21, "fields": {"action_time": "2017-05-19T15:46:09.729Z", "user": 1, "content_type": 2, "object_id": "15", "object_repr": "testpassword", "action_flag": 3, "change_message": ""}}, {"model": "admin.logentry", "pk": 22, "fields": {"action_time": "2017-05-29T13:51:39.125Z", "user": 1, "content_type": 2, "object_id": "10", "object_repr": "IbrahemAmer", "action_flag": 2, "change_message": "[{\"changed\": {\"fields\": [\"is_staff\"]}}]"}}, {"model": "admin.logentry", "pk": 23, "fields": {"action_time": "2017-06-01T19:22:12.159Z", "user": 1, "content_type": 16, "object_id": "1", "object_repr": "computer science basics", "action_flag": 1, "change_message": "[{\"added\": {}}]"}}, {"model": "admin.logentry", "pk": 24, "fields": {"action_time": "2017-06-01T19:31:22.392Z", "user": 1, "content_type": 16, "object_id": "1", "object_repr": "cs", "action_flag": 2, "change_message": "[{\"changed\": {\"fields\": [\"name\"]}}]"}}, {"model": "admin.logentry", "pk": 25, "fields": {"action_time": "2017-06-01T19:31:30.073Z", "user": 1, "content_type": 16, "object_id": "1", "object_repr": "computer basics", "action_flag": 2, "change_message": "[{\"changed\": {\"fields\": [\"name\"]}}]"}}, {"model": "admin.logentry", "pk": 26, "fields": {"action_time": "2017-06-03T00:18:24.242Z", "user": 1, "content_type": 16, "object_id": "2", "object_repr": "networking", "action_flag": 1, "change_message": "[{\"added\": {}}]"}}, {"model": "admin.logentry", "pk": 27, "fields": {"action_time": "2017-06-03T00:36:12.399Z", "user": 1, "content_type": 10, "object_id": "3", "object_repr": "ibrahem3amer", "action_flag": 2, "change_message": "[{\"changed\": {\"fields\": [\"department\"]}}]"}}, {"model": "admin.logentry", "pk": 28, "fields": {"action_time": "2017-06-03T00:40:12.758Z", "user": 1, "content_type": 16, "object_id": "3", "object_repr": "math", "action_flag": 1, "change_message": "[{\"added\": {}}]"}}, {"model": "admin.logentry", "pk": 29, "fields": {"action_time": "2017-06-03T22:40:05.323Z", "user": 1, "content_type": 8, "object_id": "3", "object_repr": "fci - Second Year - Group A", "action_flag": 1, "change_message": "[{\"added\": {}}]"}}, {"model": "admin.logentry", "pk": 30, "fields": {"action_time": "2017-06-03T22:41:02.532Z", "user": 1, "content_type": 8, "object_id": "4", "object_repr": "fci - First Year - Group A", "action_flag": 1, "change_message": "[{\"added\": {}}]"}}, {"model": "admin.logentry", "pk": 31, "fields": {"action_time": "2017-06-03T22:41:29.811Z", "user": 1, "content_type": 16, "object_id": "4", "object_repr": "Programming", "action_flag": 1, "change_message": "[{\"added\": {}}]"}}, {"model": "admin.logentry", "pk": 32, "fields": {"action_time": "2017-06-03T22:41:57.132Z", "user": 1, "content_type": 16, "object_id": "5", "object_repr": "logic", "action_flag": 1, "change_message": "[{\"added\": {}}]"}}, {"model": "admin.logentry", "pk": 33, "fields": {"action_time": "2017-06-04T00:37:25.631Z", "user": 1, "content_type": 10, "object_id": "3", "object_repr": "ibrahem3amer", "action_flag": 2, "change_message": "[]"}}, {"model": "admin.logentry", "pk": 34, "fields": {"action_time": "2017-06-04T00:48:19.989Z", "user": 1, "content_type": 10, "object_id": "3", "object_repr": "ibrahem3amer", "action_flag": 2, "change_message": "[{\"changed\": {\"fields\": [\"department\"]}}]"}}, {"model": "admin.logentry", "pk": 35, "fields": {"action_time": "2017-06-04T00:48:36.481Z", "user": 1, "content_type": 10, "object_id": "3", "object_repr": "ibrahem3amer", "action_flag": 2, "change_message": "[]"}}, {"model": "admin.logentry", "pk": 36, "fields": {"action_time": "2017-06-04T01:28:23.306Z", "user": 1, "content_type": 16, "object_id": "5", "object_repr": "logic", "action_flag": 3, "change_message": ""}}, {"model": "admin.logentry", "pk": 37, "fields": {"action_time": "2017-06-04T01:28:23.482Z", "user": 1, "content_type": 16, "object_id": "4", "object_repr": "Programming", "action_flag": 3, "change_message": ""}}, {"model": "admin.logentry", "pk": 38, "fields": {"action_time": "2017-06-04T01:28:23.635Z", "user": 1, "content_type": 16, "object_id": "3", "object_repr": "math", "action_flag": 3, "change_message": ""}}, {"model": "admin.logentry", "pk": 39, "fields": {"action_time": "2017-06-04T01:28:23.793Z", "user": 1, "content_type": 16, "object_id": "2", "object_repr": "networking", "action_flag": 3, "change_message": ""}}, {"model": "admin.logentry", "pk": 40, "fields": {"action_time": "2017-06-04T01:28:23.951Z", "user": 1, "content_type": 16, "object_id": "1", "object_repr": "computer basics", "action_flag": 3, "change_message": ""}}, {"model": "admin.logentry", "pk": 41, "fields": {"action_time": "2017-06-04T01:28:44.315Z", "user": 1, "content_type": 16, "object_id": "6", "object_repr": "Programming", "action_flag": 1, "change_message": "[{\"added\": {}}]"}}, {"model": "admin.logentry", "pk": 42, "fields": {"action_time": "2017-06-04T01:29:06.491Z", "user": 1, "content_type": 16, "object_id": "7", "object_repr": "Logic", "action_flag": 1, "change_message": "[{\"added\": {}}]"}}, {"model": "admin.logentry", "pk": 43, "fields": {"action_time": "2017-06-04T01:29:24.377Z", "user": 1, "content_type": 16, "object_id": "8", "object_repr": "database", "action_flag": 1, "change_message": "[{\"added\": {}}]"}}, {"model": "admin.logentry", "pk": 44, "fields": {"action_time": "2017-06-04T01:29:45.718Z", "user": 1, "content_type": 16, "object_id": "9", "object_repr": "chemistry", "action_flag": 1, "change_message": "[{\"added\": {}}]"}}, {"model": "admin.logentry", "pk": 45, "fields": {"action_time": "2017-06-04T01:30:19.127Z", "user": 1, "content_type": 10, "object_id": "3", "object_repr": "ibrahem3amer", "action_flag": 2, "change_message": "[]"}}, {"model": "admin.logentry", "pk": 46, "fields": {"action_time": "2017-06-04T02:55:04.295Z", "user": 1, "content_type": 8, "object_id": "5", "object_repr": "fci - Third year - IS", "action_flag": 1, "change_message": "[{\"added\": {}}]"}}, {"model": "admin.logentry", "pk": 47, "fields": {"action_time": "2017-06-04T02:55:34.186Z", "user": 1, "content_type": 16, "object_id": "10", "object_repr": "data visualization", "action_flag": 1, "change_message": "[{\"added\": {}}]"}}, {"model": "admin.logentry", "pk": 48, "fields": {"action_time": "2017-06-12T07:38:36.192Z", "user": 1, "content_type": 2, "object_id": "10", "object_repr": "IbrahemAmer", "action_flag": 2, "change_message": "[]"}}, {"model": "admin.logentry", "pk": 49, "fields": {"action_time": "2017-06-12T07:47:14.201Z", "user": 1, "content_type": 4, "object_id": "1", "object_repr": "Super visiors", "action_flag": 1, "change_message": "[{\"added\": {}}]"}}, {"model": "admin.logentry", "pk": 50, "fields": {"action_time": "2017-06-12T07:47:30.993Z", "user": 1, "content_type": 2, "object_id": "10", "object_repr": "IbrahemAmer", "action_flag": 2, "change_message": "[{\"changed\": {\"fields\": [\"is_staff\"]}}]"}}, {"model": "admin.logentry", "pk": 51, "fields": {"action_time": "2017-06-12T07:48:19.540Z", "user": 1, "content_type": 2, "object_id": "10", "object_repr": "IbrahemAmer", "action_flag": 2, "change_message": "[{\"changed\": {\"fields\": [\"is_staff\"]}}]"}}, {"model": "admin.logentry", "pk": 52, "fields": {"action_time": "2017-09-03T22:17:53.432Z", "user": 1, "content_type": 7, "object_id": "2", "object_repr": "\u062c\u0627\u0645\u0639\u0629 \u0643\u0641\u0631 \u0627\u0644\u0634\u064a\u062e", "action_flag": 2, "change_message": "[{\"changed\": {\"fields\": [\"name\"]}}]"}}, {"model": "admin.logentry", "pk": 53, "fields": {"action_time": "2017-09-03T22:18:04.672Z", "user": 1, "content_type": 7, "object_id": "1", "object_repr": "\u062c\u0627\u0645\u0639\u0629 \u0627\u0644\u0645\u0646\u0635\u0648\u0631\u0629", "action_flag": 2, "change_message": "[{\"changed\": {\"fields\": [\"name\"]}}]"}}, {"model": "admin.logentry", "pk": 54, "fields": {"action_time": "2017-09-03T22:18:22.606Z", "user": 1, "content_type": 9, "object_id": "2", "object_repr": "\u062c\u0627\u0645\u0639\u0629 \u0627\u0644\u0645\u0646\u0635\u0648\u0631\u0629 - \u0643\u0644\u064a\u0629 \u0627\u0644\u062d\u0627\u0633\u0628\u0627\u062a \u0648\u0627\u0644\u0645\u0639\u0644\u0648\u0645\u0627\u062a", "action_flag": 2, "change_message": "[{\"changed\": {\"fields\": [\"name\"]}}]"}}, {"model": "admin.logentry", "pk": 55, "fields": {"action_time": "2017-09-03T22:18:31.130Z", "user": 1, "content_type": 9, "object_id": "1", "object_repr": "\u062c\u0627\u0645\u0639\u0629 \u0627\u0644\u0645\u0646\u0635\u0648\u0631\u0629 - \u0643\u0644\u064a\u0629 \u0627\u0644\u0639\u0644\u0648\u0645", "action_flag": 2, "change_message": "[{\"changed\": {\"fields\": [\"name\"]}}]"}}, {"model": "admin.logentry", "pk": 56, "fields": {"action_time": "2017-09-03T22:18:46.323Z", "user": 1, "content_type": 9, "object_id": "3", "object_repr": "\u062c\u0627\u0645\u0639\u0629 \u0627\u0644\u0645\u0646\u0635\u0648\u0631\u0629 - \u0643\u0644\u064a\u0629 \u0627\u0644\u0647\u0646\u062f\u0633\u0629", "action_flag": 1, "change_message": "[{\"added\": {}}]"}}, {"model": "admin.logentry", "pk": 57, "fields": {"action_time": "2017-09-03T22:18:59.208Z", "user": 1, "content_type": 9, "object_id": "4", "object_repr": "\u062c\u0627\u0645\u0639\u0629 \u0643\u0641\u0631 \u0627\u0644\u0634\u064a\u062e - \u0643\u0644\u064a\u0629 \u0627\u0644\u062d\u0627\u0633\u0628\u0627\u062a \u0648\u0627\u0644\u0645\u0639\u0644\u0648\u0645\u0627\u062a", "action_flag": 1, "change_message": "[{\"added\": {}}]"}}, {"model": "admin.logentry", "pk": 58, "fields": {"action_time": "2017-09-03T22:19:06.161Z", "user": 1, "content_type": 9, "object_id": "5", "object_repr": "\u062c\u0627\u0645\u0639\u0629 \u0643\u0641\u0631 \u0627\u0644\u0634\u064a\u062e - \u0643\u0644\u064a\u0629 \u0627\u0644\u0647\u0646\u062f\u0633\u0629", "action_flag": 1, "change_message": "[{\"added\": {}}]"}}, {"model": "admin.logentry", "pk": 59, "fields": {"action_time": "2017-09-03T22:34:13.142Z", "user": 1, "content_type": 8, "object_id": "6", "object_repr": "\u0643\u0644\u064a\u0629 \u0627\u0644\u062d\u0627\u0633\u0628\u0627\u062a \u0648\u0627\u0644\u0645\u0639\u0644\u0648\u0645\u0627\u062a - \u0639\u0644\u0648\u0645 \u0627\u0644\u062d\u0627\u0633\u0628", "action_flag": 1, "change_message": "[{\"added\": {}}]"}}, {"model": "admin.logentry", "pk": 60, "fields": {"action_time": "2017-09-03T22:34:57.430Z", "user": 1, "content_type": 8, "object_id": "5", "object_repr": "\u0643\u0644\u064a\u0629 \u0627\u0644\u062d\u0627\u0633\u0628\u0627\u062a \u0648\u0627\u0644\u0645\u0639\u0644\u0648\u0645\u0627\u062a - 3 \u0646\u0638\u0645 \u0645\u0639\u0644\u0648\u0645\u0627\u062a", "action_flag": 2, "change_message": "[{\"changed\": {\"fields\": [\"name\"]}}]"}}, {"model": "admin.logentry", "pk": 61, "fields": {"action_time": "2017-09-03T22:35:04.586Z", "user": 1, "content_type": 8, "object_id": "6", "object_repr": "\u0643\u0644\u064a\u0629 \u0627\u0644\u062d\u0627\u0633\u0628\u0627\u062a \u0648\u0627\u0644\u0645\u0639\u0644\u0648\u0645\u0627\u062a - 3 \u0639\u0644\u0648\u0645 \u0627\u0644\u062d\u0627\u0633\u0628", "action_flag": 2, "change_message": "[{\"changed\": {\"fields\": [\"name\"]}}]"}}, {"model": "admin.logentry", "pk": 62, "fields": {"action_time": "2017-09-03T22:35:13.109Z", "user": 1, "content_type": 8, "object_id": "5", "object_repr": "\u0643\u0644\u064a\u0629 \u0627\u0644\u062d\u0627\u0633\u0628\u0627\u062a \u0648\u0627\u0644\u0645\u0639\u0644\u0648\u0645\u0627\u062a - 3 \u0646\u0638\u0645 \u0645\u0639\u0644\u0648\u0645\u0627\u062a", "action_flag": 2, "change_message": "[]"}}, {"model": "admin.logentry", "pk": 63, "fields": {"action_time": "2017-09-03T22:35:28.077Z", "user": 1, "content_type": 8, "object_id": "7", "object_repr": "\u0643\u0644\u064a\u0629 \u0627\u0644\u062d\u0627\u0633\u0628\u0627\u062a \u0648\u0627\u0644\u0645\u0639\u0644\u0648\u0645\u0627\u062a - 3 \u062a\u0643\u0646\u0648\u0644\u0648\u062c\u064a\u0627 \u0645\u0639\u0644\u0648\u0645\u0627\u062a", "action_flag": 1, "change_message": "[{\"added\": {}}]"}}, {"model": "admin.logentry", "pk": 64, "fields": {"action_time": "2017-09-03T22:35:42.936Z", "user": 1, "content_type": 8, "object_id": "4", "object_repr": "\u0643\u0644\u064a\u0629 \u0627\u0644\u062d\u0627\u0633\u0628\u0627\u062a \u0648\u0627\u0644\u0645\u0639\u0644\u0648\u0645\u0627\u062a - 1 \u0627\u0644\u0642\u0633\u0645 \u0627\u0644\u0639\u0627\u0645", "action_flag": 2, "change_message": "[{\"changed\": {\"fields\": [\"name\"]}}]"}}, {"model": "admin.logentry", "pk": 65, "fields": {"action_time": "2017-09-03T22:35:55.039Z", "user": 1, "content_type": 8, "object_id": "4", "object_repr": "\u0643\u0644\u064a\u0629 \u0627\u0644\u062d\u0627\u0633\u0628\u0627\u062a \u0648\u0627\u0644\u0645\u0639\u0644\u0648\u0645\u0627\u062a - 1 \u0627\u0644\u0642\u0633\u0645 \u0627\u0644\u0639\u0627\u0645 - \u0645\u062c\u0645\u0648\u0639\u0629 \u0623", "action_flag": 2, "change_message": "[{\"changed\": {\"fields\": [\"name\"]}}]"}}, {"model": "admin.logentry", "pk": 66, "fields": {"action_time": "2017-09-03T22:36:24.380Z", "user": 1, "content_type": 8, "object_id": "3", "object_repr": "\u0643\u0644\u064a\u0629 \u0627\u0644\u062d\u0627\u0633\u0628\u0627\u062a \u0648\u0627\u0644\u0645\u0639\u0644\u0648\u0645\u0627\u062a - 1 \u0627\u0644\u0642\u0633\u0645 \u0627\u0644\u0639\u0627\u0645 - \u0645\u062c\u0645\u0648\u0639\u0629 \u0628", "action_flag": 2, "change_message": "[{\"changed\": {\"fields\": [\"name\"]}}]"}}, {"model": "admin.logentry", "pk": 67, "fields": {"action_time": "2017-09-03T22:36:44.033Z", "user": 1, "content_type": 8, "object_id": "8", "object_repr": "\u0643\u0644\u064a\u0629 \u0627\u0644\u062d\u0627\u0633\u0628\u0627\u062a \u0648\u0627\u0644\u0645\u0639\u0644\u0648\u0645\u0627\u062a - 2 \u0627\u0644\u0642\u0633\u0645 \u0627\u0644\u0639\u0627\u0645 \u0645\u062c\u0645\u0648\u0639\u0629 \u0623", "action_flag": 1, "change_message": "[{\"added\": {}}]"}}, {"model": "admin.logentry", "pk": 68, "fields": {"action_time": "2017-09-03T22:36:55.220Z", "user": 1, "content_type": 8, "object_id": "9", "object_repr": "\u0643\u0644\u064a\u0629 \u0627\u0644\u062d\u0627\u0633\u0628\u0627\u062a \u0648\u0627\u0644\u0645\u0639\u0644\u0648\u0645\u0627\u062a - 2 \u0627\u0644\u0642\u0633\u0645 \u0627\u0644\u0639\u0627\u0645\u0629 \u0645\u062c\u0645\u0648\u0639\u0629 \u0628", "action_flag": 1, "change_message": "[{\"added\": {}}]"}}, {"model": "admin.logentry", "pk": 69, "fields": {"action_time": "2017-09-03T22:37:40.276Z", "user": 1, "content_type": 8, "object_id": "10", "object_repr": "\u0643\u0644\u064a\u0629 \u0627\u0644\u062d\u0627\u0633\u0628\u0627\u062a \u0648\u0627\u0644\u0645\u0639\u0644\u0648\u0645\u0627\u062a - 4 \u0639\u0644\u0648\u0645 \u0627\u0644\u062d\u0627\u0633\u0628", "action_flag": 1, "change_message": "[{\"added\": {}}]"}}, {"model": "admin.logentry", "pk": 70, "fields": {"action_time": "2017-09-03T22:37:50.443Z", "user": 1, "content_type": 8, "object_id": "11", "object_repr": "\u0643\u0644\u064a\u0629 \u0627\u0644\u062d\u0627\u0633\u0628\u0627\u062a \u0648\u0627\u0644\u0645\u0639\u0644\u0648\u0645\u0627\u062a - 4 \u0646\u0638\u0645 \u0645\u0639\u0644\u0648\u0645\u0627\u062a", "action_flag": 1, "change_message": "[{\"added\": {}}]"}}, {"model": "admin.logentry", "pk": 71, "fields": {"action_time": "2017-09-03T22:38:00.631Z", "user": 1, "content_type": 8, "object_id": "12", "object_repr": "\u0643\u0644\u064a\u0629 \u0627\u0644\u062d\u0627\u0633\u0628\u0627\u062a \u0648\u0627\u0644\u0645\u0639\u0644\u0648\u0645\u0627\u062a - 4 \u062a\u0643\u0646\u0648\u0644\u0648\u062c\u064a\u0627 \u0645\u0639\u0644\u0648\u0645\u0627\u062a", "action_flag": 1, "change_message": "[{\"added\": {}}]"}}, {"model": "admin.logentry", "pk": 72, "fields": {"action_time": "2017-09-03T22:38:13.675Z", "user": 1, "content_type": 8, "object_id": "2", "object_repr": "\u0643\u0644\u064a\u0629 \u0627\u0644\u0639\u0644\u0648\u0645 - Software Engineering - 1st Year", "action_flag": 3, "change_message": ""}}, {"model": "admin.logentry", "pk": 73, "fields": {"action_time": "2017-09-03T22:38:13.840Z", "user": 1, "content_type": 8, "object_id": "1", "object_repr": "\u0643\u0644\u064a\u0629 \u0627\u0644\u0639\u0644\u0648\u0645 - public", "action_flag": 3, "change_message": ""}}, {"model": "admin.logentry", "pk": 74, "fields": {"action_time": "2017-09-03T22:38:36.843Z", "user": 1, "content_type": 8, "object_id": "13", "object_repr": "\u0643\u0644\u064a\u0629 \u0627\u0644\u062d\u0627\u0633\u0628\u0627\u062a \u0648\u0627\u0644\u0645\u0639\u0644\u0648\u0645\u0627\u062a - 1 \u0647\u0646\u062f\u0633\u0629 \u0627\u0644\u0628\u0631\u0645\u062c\u064a\u0627\u062a", "action_flag": 1, "change_message": "[{\"added\": {}}]"}}, {"model": "admin.logentry", "pk": 75, "fields": {"action_time": "2017-09-03T22:38:54.666Z", "user": 1, "content_type": 8, "object_id": "14", "object_repr": "\u0643\u0644\u064a\u0629 \u0627\u0644\u062d\u0627\u0633\u0628\u0627\u062a \u0648\u0627\u0644\u0645\u0639\u0644\u0648\u0645\u0627\u062a - 2 \u0647\u0646\u062f\u0633\u0629 \u0627\u0644\u0628\u0631\u0645\u062c\u064a\u0627\u062a", "action_flag": 1, "change_message": "[{\"added\": {}}]"}}, {"model": "admin.logentry", "pk": 76, "fields": {"action_time": "2017-09-03T22:39:16.339Z", "user": 1, "content_type": 8, "object_id": "15", "object_repr": "\u0643\u0644\u064a\u0629 \u0627\u0644\u062d\u0627\u0633\u0628\u0627\u062a \u0648\u0627\u0644\u0645\u0639\u0644\u0648\u0645\u0627\u062a - 3 \u0647\u0646\u062f\u0633\u0629 \u0627\u0644\u0628\u0631\u0645\u062c\u064a\u0627\u062a", "action_flag": 1, "change_message": "[{\"added\": {}}]"}}, {"model": "admin.logentry", "pk": 77, "fields": {"action_time": "2017-09-03T22:39:26.214Z", "user": 1, "content_type": 8, "object_id": "16", "object_repr": "\u0643\u0644\u064a\u0629 \u0627\u0644\u062d\u0627\u0633\u0628\u0627\u062a \u0648\u0627\u0644\u0645\u0639\u0644\u0648\u0645\u0627\u062a - 4 \u0647\u0646\u062f\u0633\u0629 \u0627\u0644\u0628\u0631\u0645\u062c\u064a\u0627\u062a", "action_flag": 1, "change_message": "[{\"added\": {}}]"}}, {"model": "admin.logentry", "pk": 78, "fields": {"action_time": "2017-09-03T22:39:42.481Z", "user": 1, "content_type": 8, "object_id": "17", "object_repr": "\u0643\u0644\u064a\u0629 \u0627\u0644\u062d\u0627\u0633\u0628\u0627\u062a \u0648\u0627\u0644\u0645\u0639\u0644\u0648\u0645\u0627\u062a - 1 \u0645\u0639\u0644\u0648\u0645\u0627\u062a\u064a\u0629 \u0637\u0628\u064a\u0629", "action_flag": 1, "change_message": "[{\"added\": {}}]"}}, {"model": "admin.logentry", "pk": 79, "fields": {"action_time": "2017-09-03T22:39:55.120Z", "user": 1, "content_type": 8, "object_id": "18", "object_repr": "\u0643\u0644\u064a\u0629 \u0627\u0644\u062d\u0627\u0633\u0628\u0627\u062a \u0648\u0627\u0644\u0645\u0639\u0644\u0648\u0645\u0627\u062a - 2 \u0645\u0639\u0644\u0648\u0645\u0627\u062a\u064a\u0629 \u0637\u0628\u064a\u0629", "action_flag": 1, "change_message": "[{\"added\": {}}]"}}, {"model": "admin.logentry", "pk": 80, "fields": {"action_time": "2017-09-03T22:40:09.322Z", "user": 1, "content_type": 8, "object_id": "19", "object_repr": "\u0643\u0644\u064a\u0629 \u0627\u0644\u062d\u0627\u0633\u0628\u0627\u062a \u0648\u0627\u0644\u0645\u0639\u0644\u0648\u0645\u0627\u062a - 3 \u0645\u0639\u0644\u0648\u0645\u0627\u062a\u064a\u0629 \u0637\u0628\u064a\u0629", "action_flag": 1, "change_message": "[{\"added\": {}}]"}}, {"model": "admin.logentry", "pk": 81, "fields": {"action_time": "2017-09-03T22:41:39.464Z", "user": 1, "content_type": 8, "object_id": "20", "object_repr": "\u0643\u0644\u064a\u0629 \u0627\u0644\u0647\u0646\u062f\u0633\u0629 - \u0625\u0639\u062f\u0627\u062f\u064a \u0645\u062c\u0645\u0648\u0639\u0629 \u0623", "action_flag": 1, "change_message": "[{\"added\": {}}]"}}, {"model": "admin.logentry", "pk": 82, "fields": {"action_time": "2017-09-03T22:41:50.100Z", "user": 1, "content_type": 8, "object_id": "21", "object_repr": "\u0643\u0644\u064a\u0629 \u0627\u0644\u0647\u0646\u062f\u0633\u0629 - \u0625\u0639\u062f\u0627\u062f\u064a \u0645\u062c\u0645\u0648\u0639\u0629 \u0628", "action_flag": 1, "change_message": "[{\"added\": {}}]"}}, {"model": "admin.logentry", "pk": 83, "fields": {"action_time": "2017-09-03T22:42:24.682Z", "user": 1, "content_type": 8, "object_id": "22", "object_repr": "\u0643\u0644\u064a\u0629 \u0627\u0644\u0647\u0646\u062f\u0633\u0629 - 1 \u0645\u062f\u0646\u064a", "action_flag": 1, "change_message": "[{\"added\": {}}]"}}, {"model": "admin.logentry", "pk": 84, "fields": {"action_time": "2017-09-03T22:42:29.708Z", "user": 1, "content_type": 8, "object_id": "23", "object_repr": "\u0643\u0644\u064a\u0629 \u0627\u0644\u0639\u0644\u0648\u0645 - 2 \u0645\u062f\u0646", "action_flag": 1, "change_message": "[{\"added\": {}}]"}}, {"model": "admin.logentry", "pk": 85, "fields": {"action_time": "2017-09-03T22:42:39.785Z", "user": 1, "content_type": 8, "object_id": "23", "object_repr": "\u0643\u0644\u064a\u0629 \u0627\u0644\u0647\u0646\u062f\u0633\u0629 - 2 \u0645\u062f\u0646\u064a", "action_flag": 2, "change_message": "[{\"changed\": {\"fields\": [\"name\", \"faculty\"]}}]"}}, {"model": "admin.logentry", "pk": 86, "fields": {"action_time": "2017-09-03T22:42:47.574Z", "user": 1, "content_type": 8, "object_id": "24", "object_repr": "\u0643\u0644\u064a\u0629 \u0627\u0644\u0647\u0646\u062f\u0633\u0629 - 3 \u0645\u062f\u0646\u064a", "action_flag": 1, "change_message": "[{\"added\": {}}]"}}, {"model": "admin.logentry", "pk": 87, "fields": {"action_time": "2017-09-03T22:42:54.133Z", "user": 1, "content_type": 8, "object_id": "25", "object_repr": "\u0643\u0644\u064a\u0629 \u0627\u0644\u0647\u0646\u062f\u0633\u0629 - 4 \u0645\u062f\u0646\u064a", "action_flag": 1, "change_message": "[{\"added\": {}}]"}}, {"model": "admin.logentry", "pk": 88, "fields": {"action_time": "2017-09-03T22:43:21.120Z", "user": 1, "content_type": 8, "object_id": "26", "object_repr": "\u0643\u0644\u064a\u0629 \u0627\u0644\u0647\u0646\u062f\u0633\u0629 - 1 \u0639\u0645\u0627\u0631\u0629", "action_flag": 1, "change_message": "[{\"added\": {}}]"}}, {"model": "admin.logentry", "pk": 89, "fields": {"action_time": "2017-09-03T22:43:29.275Z", "user": 1, "content_type": 8, "object_id": "27", "object_repr": "\u0643\u0644\u064a\u0629 \u0627\u0644\u0647\u0646\u062f\u0633\u0629 - 2 \u0639\u0645\u0627\u0631\u0629", "action_flag": 1, "change_message": "[{\"added\": {}}]"}}, {"model": "admin.logentry", "pk": 90, "fields": {"action_time": "2017-09-03T22:43:36.711Z", "user": 1, "content_type": 8, "object_id": "28", "object_repr": "\u0643\u0644\u064a\u0629 \u0627\u0644\u0647\u0646\u062f\u0633\u0629 - 3 \u0639\u0645\u0627\u0631\u0629", "action_flag": 1, "change_message": "[{\"added\": {}}]"}}, {"model": "admin.logentry", "pk": 91, "fields": {"action_time": "2017-09-03T22:43:44.790Z", "user": 1, "content_type": 8, "object_id": "29", "object_repr": "\u0643\u0644\u064a\u0629 \u0627\u0644\u0647\u0646\u062f\u0633\u0629 - 4 \u0639\u0645\u0627\u0631\u0629", "action_flag": 1, "change_message": "[{\"added\": {}}]"}}, {"model": "admin.logentry", "pk": 92, "fields": {"action_time": "2017-09-03T22:44:32.861Z", "user": 1, "content_type": 16, "object_id": "10", "object_repr": "data visualization", "action_flag": 3, "change_message": ""}}, {"model": "admin.logentry", "pk": 93, "fields": {"action_time": "2017-09-03T22:44:32.994Z", "user": 1, "content_type": 16, "object_id": "8", "object_repr": "database", "action_flag": 3, "change_message": ""}}, {"model": "admin.logentry", "pk": 94, "fields": {"action_time": "2017-09-03T22:44:33.135Z", "user": 1, "content_type": 16, "object_id": "7", "object_repr": "Logic", "action_flag": 3, "change_message": ""}}, {"model": "admin.logentry", "pk": 95, "fields": {"action_time": "2017-09-03T22:44:33.290Z", "user": 1, "content_type": 16, "object_id": "6", "object_repr": "Programming", "action_flag": 3, "change_message": ""}}, {"model": "admin.logentry", "pk": 96, "fields": {"action_time": "2017-09-03T22:57:28.346Z", "user": 1, "content_type": 20, "object_id": "1", "object_repr": "\u0623\u062d\u0645\u062f \u0623\u0628\u0648 \u0627\u0644\u0641\u062a\u0648\u062d", "action_flag": 1, "change_message": "[{\"added\": {}}]"}}, {"model": "admin.logentry", "pk": 97, "fields": {"action_time": "2017-09-03T22:58:53.141Z", "user": 1, "content_type": 20, "object_id": "2", "object_repr": "\u0623\u062d\u0645\u062f \u0627\u0644\u062d\u0633\u064a\u0646 \u0627\u0644\u0633\u064a\u062f", "action_flag": 1, "change_message": "[{\"added\": {}}]"}}, {"model": "admin.logentry", "pk": 98, "fields": {"action_time": "2017-09-03T22:59:52.958Z", "user": 1, "content_type": 20, "object_id": "3", "object_repr": "\u0623\u062d\u0645\u062f \u0627\u0644\u0633\u0639\u064a\u062f \u062f\u0627\u0648\u062f", "action_flag": 1, "change_message": "[{\"added\": {}}]"}}, {"model": "admin.logentry", "pk": 99, "fields": {"action_time": "2017-09-03T23:00:49.303Z", "user": 1, "content_type": 20, "object_id": "4", "object_repr": "\u0623\u062d\u0645\u062f \u0639\u0637\u0648\u0627\u0646 \u0645\u062d\u0645\u062f", "action_flag": 1, "change_message": "[{\"added\": {}}]"}}, {"model": "admin.logentry", "pk": 100, "fields": {"action_time": "2017-09-03T23:07:55.784Z", "user": 1, "content_type": 16, "object_id": "11", "object_repr": "\u0627\u0644\u062a\u0641\u0627\u0636\u0644 \u0648\u0627\u0644\u062a\u0643\u0627\u0645\u0644", "action_flag": 1, "change_message": "[{\"added\": {}}]"}}, {"model": "admin.logentry", "pk": 101, "fields": {"action_time": "2017-09-03T23:08:39.453Z", "user": 1, "content_type": 16, "object_id": "12", "object_repr": "\u0627\u0644\u062f\u0648\u0627\u0626\u0631 \u0627\u0644\u0625\u0644\u0643\u062a\u0631\u0648\u0646\u064a\u0629", "action_flag": 1, "change_message": "[{\"added\": {}}]"}}, {"model": "admin.logentry", "pk": 102, "fields": {"action_time": "2017-09-04T09:21:41.527Z", "user": 1, "content_type": 18, "object_id": "1", "object_repr": "\u0645\u062d\u0627\u0636\u0631\u0629 \u0627\u0644\u062a\u0641\u0627\u0636\u0644 \u0648\u0627\u0644\u062a\u0643\u0627\u0645\u0644", "action_flag": 1, "change_message": "[{\"added\": {}}]"}}, {"model": "admin.logentry", "pk": 103, "fields": {"action_time": "2017-09-04T09:26:07.633Z", "user": 1, "content_type": 22, "object_id": "1", "object_repr": "\u0628\u062d\u062b \u0639\u0646 \u0627\u0644\u062a\u0641\u0627\u0636\u0644", "action_flag": 1, "change_message": "[{\"added\": {}}]"}}, {"model": "admin.logentry", "pk": 104, "fields": {"action_time": "2017-09-04T10:13:24.393Z", "user": 1, "content_type": 23, "object_id": "1", "object_repr": "\u0627\u0644\u062a\u0641\u0627\u0636\u0644 \u0648\u0627\u0644\u062a\u0643\u0627\u0645\u0644 table", "action_flag": 1, "change_message": "[{\"added\": {}}]"}}, {"model": "admin.logentry", "pk": 105, "fields": {"action_time": "2017-09-04T10:17:11.398Z", "user": 1, "content_type": 23, "object_id": "2", "object_repr": "\u0627\u0644\u062f\u0648\u0627\u0626\u0631 \u0627\u0644\u0625\u0644\u0643\u062a\u0631\u0648\u0646\u064a\u0629 table", "action_flag": 1, "change_message": "[{\"added\": {}}]"}}, {"model": "admin.logentry", "pk": 106, "fields": {"action_time": "2017-09-04T11:16:09.717Z", "user": 1, "content_type": 16, "object_id": "13", "object_repr": "\u0623\u0633\u0627\u0633\u064a\u0627\u062a \u0627\u0644\u0647\u0646\u062f\u0633\u0629 \u0627\u0644\u0645\u062f\u0646\u064a\u0629", "action_flag": 1, "change_message": "[{\"added\": {}}]"}}, {"model": "admin.logentry", "pk": 107, "fields": {"action_time": "2017-09-04T21:15:35.074Z", "user": 1, "content_type": 18, "object_id": "2", "object_repr": "\u0627\u0644\u0645\u062d\u0627\u0636\u0631\u0629 \u0627\u0644\u062b\u0627\u0646\u064a\u0629", "action_flag": 1, "change_message": "[{\"added\": {}}]"}}, {"model": "admin.logentry", "pk": 108, "fields": {"action_time": "2017-09-04T21:33:42.104Z", "user": 1, "content_type": 18, "object_id": "3", "object_repr": "\u0645\u062d\u0627\u0636\u0631\u0629 \u062a\u0627\u0646\u064a\u0629", "action_flag": 1, "change_message": "[{\"added\": {}}]"}}, {"model": "admin.logentry", "pk": 109, "fields": {"action_time": "2017-09-04T21:38:07.315Z", "user": 1, "content_type": 18, "object_id": "4", "object_repr": "\u0645\u062d\u0627\u0636\u0631\u0629 \u0641\u064a \u0627\u0644\u0647\u0646\u062f\u0633\u0629 \u0627\u0644\u0645\u062f\u0646\u064a\u0629", "action_flag": 1, "change_message": "[{\"added\": {}}]"}}, {"model": "admin.logentry", "pk": 110, "fields": {"action_time": "2017-09-08T17:39:24.471Z", "user": 1, "content_type": 26, "object_id": "1", "object_repr": "\u0627\u064a\u0641\u064a\u0646\u062a \u062c\u062f\u064a\u062f", "action_flag": 1, "change_message": "[{\"added\": {}}]"}}, {"model": "admin.logentry", "pk": 111, "fields": {"action_time": "2017-09-08T17:45:20.844Z", "user": 1, "content_type": 26, "object_id": "2", "object_repr": "\u0627\u064a\u0641\u064a\u0646\u062a \u0644\u0642\u0633\u0645 \u062a\u0627\u0646\u064a", "action_flag": 1, "change_message": "[{\"added\": {}}]"}}, {"model": "admin.logentry", "pk": 112, "fields": {"action_time": "2017-09-08T17:49:58.612Z", "user": 1, "content_type": 2, "object_id": "24", "object_repr": "sv_test", "action_flag": 2, "change_message": "[{\"changed\": {\"fields\": [\"is_staff\"]}}]"}}, {"model": "admin.logentry", "pk": 113, "fields": {"action_time": "2017-09-08T17:52:07.248Z", "user": 1, "content_type": 4, "object_id": "1", "object_repr": "Super visiors", "action_flag": 2, "change_message": "[]"}}, {"model": "admin.logentry", "pk": 114, "fields": {"action_time": "2017-09-08T17:52:55.657Z", "user": 24, "content_type": 26, "object_id": "3", "object_repr": "\u0627\u064a\u0641\u064a\u0646\u062a \u0645\u0646 \u0627\u0644\u0645\u0634\u0631\u0641", "action_flag": 1, "change_message": "[{\"added\": {}}]"}}, {"model": "admin.logentry", "pk": 115, "fields": {"action_time": "2017-09-08T17:58:19.515Z", "user": 1, "content_type": 26, "object_id": "4", "object_repr": "\u0627\u064a\u0641\u064a\u0646\u062a \u0639\u0644\u0649 \u0645\u0633\u062a\u0648\u0649 \u0627\u0644\u0643\u0644\u064a\u0629", "action_flag": 1, "change_message": "[{\"added\": {}}]"}}]