[{"model": "users.svprofile", "pk": 1, "fields": {"name": "\u062a\u062c\u0631\u0628\u0629 \u062a\u064a\u0645", "desc": "\u062a\u062c\u0631\u0628\u0629 \u064a\u0627 \u0628\u0634\u0645\u0647\u0646\u062f\u0633\u064a\u0646 \u062a\u062c\u0631\u0628\u0629 \u064a\u0627 \u0628\u0634\u0645\u0647\u0646\u062f\u0633\u064a\u0646 \u062a\u062c\u0631\u0628\u0629 \u064a\u0627 \u0628\u0634\u0645\u0647\u0646\u062f\u0633\u064a\u0646 \u062a\u062c\u0631\u0628\u0629 \u064a\u0627 \u0628\u0634\u0645\u0647\u0646\u062f\u0633\u064a\u0646 \u062a\u062c\u0631\u0628\u0629 \u064a\u0627 \u0628\u0634\u0645\u0647\u0646\u062f\u0633\u064a\u0646 \u062a\u062c\u0631\u0628\u0629 \u064a\u0627 \u0628\u0634\u0645\u0647\u0646\u062f\u0633\u064a\u0646 \u062a\u062c\u0631\u0628\u0629 \u064a\u0627 \u0628\u0634\u0645\u0647\u0646\u062f\u0633\u064a\u0646 \u062a\u062c\u0631\u0628\u0629 \u064a\u0627 \u0628\u0634\u0645\u0647\u0646\u062f\u0633\u064a\u0646 \u062a\u062c\u0631\u0628\u0629 \u064a\u0627 \u0628\u0634\u0645\u0647\u0646\u062f\u0633\u064a\u0646 \u062a\u062c\u0631\u0628\u0629 \u064a\u0627 \u0628\u0634\u0645\u0647\u0646\u062f\u0633\u064a\u0646 \u062a\u062c\u0631\u0628\u0629 \u064a\u0627 \u0628\u0634\u0645\u0647\u0646\u062f\u0633\u064a\u0646 \u062a\u062c\u0631\u0628\u0629 \u064a\u0627 \u0628\u0634\u0645\u0647\u0646\u062f\u0633\u064a\u0646 \u062a\u062c\u0631\u0628\u0629 \u064a\u0627 \u0628\u0634\u0645\u0647\u0646\u062f\u0633\u064a\u0646 \u062a\u062c\u0631\u0628\u0629 \u064a\u0627 \u0628\u0634\u0645\u0647\u0646\u062f\u0633\u064a\u0646 \u062a\u062c\u0631\u0628\u0629 \u064a\u0627 \u0628\u0634\u0645\u0647\u0646\u062f\u0633\u064a\u0646 \u062a\u062c\u0631\u0628\u0629 \u064a\u0627 \u0628\u0634\u0645\u0647\u0646\u062f\u0633\u064a\u0646 \u062a\u062c\u0631\u0628\u0629 \u064a\u0627 \u0628\u0634\u0645\u0647\u0646\u062f\u0633\u064a\u0646 \u062a\u062c\u0631\u0628\u0629 \u064a\u0627 \u0628\u0634\u0645\u0647\u0646\u062f\u0633\u064a\u0646 \u062a\u062c\u0631\u0628\u0629 \u064a\u0627 \u0628\u0634\u0645\u0647\u0646\u062f\u0633\u064a\u0646", "logo": "logo.png"}}, {"model": "users.university", "pk": 1, "fields": {"name": "\u062c\u0627\u0645\u0639\u0629 \u0627\u0644\u0645\u0646\u0635\u0648\u0631\u0629", "bio": "no data initialized", "location": "no data initialized", "rank": -1, "entity_type": 1, "study_type": 1, "headmaster": null}}, {"model": "users.university", "pk": 2, "fields": {"name": "\u062c\u0627\u0645\u0639\u0629 \u0643\u0641\u0631 \u0627\u0644\u0634\u064a\u062e", "bio": "no data initialized", "location": "no data initialized", "rank": -1, "entity_type": 1, "study_type": 1, "headmaster": null}}, {"model": "users.faculty", "pk": 1, "fields": {"name": "\u0643\u0644\u064a\u0629 \u0627\u0644\u0639\u0644\u0648\u0645", "bio": "no data initialized", "location": "no data initialized", "rank": -1, "entity_type": 1, "study_type": 1, "university": 1, "headmaster": null}}, {"model": "users.faculty", "pk": 2, "fields": {"name": "\u0643\u0644\u064a\u0629 \u0627\u0644\u062d\u0627\u0633\u0628\u0627\u062a \u0648\u0627\u0644\u0645\u0639\u0644\u0648\u0645\u0627\u062a", "bio": "no data initialized", "location": "no data initialized", "rank": -1, "entity_type": 1, "study_type": 1, "university": 1, "headmaster": null}}, {"model": "users.faculty", "pk": 3, "fields": {"name": "\u0643\u0644\u064a\u0629 \u0627\u0644\u0647\u0646\u062f\u0633\u0629", "bio": "no data initialized", "location": "no data initialized", "rank": -1, "entity_type": 1, "study_type": 1, "university": 1, "headmaster": null}}, {"model": "users.faculty", "pk": 4, "fields": {"name": "\u0643\u0644\u064a\u0629 \u0627\u0644\u062d\u0627\u0633\u0628\u0627\u062a \u0648\u0627\u0644\u0645\u0639\u0644\u0648\u0645\u0627\u062a", "bio": "no data initialized", "location": "no data initialized", "rank": -1, "entity_type": 1, "study_type": 1, "university": 2, "headmaster": null}}, {"model": "users.faculty", "pk": 5, "fields": {"name": "\u0643\u0644\u064a\u0629 \u0627\u0644\u0647\u0646\u062f\u0633\u0629", "bio": "no data initialized", "location": "no data initialized", "rank": -1, "entity_type": 1, "study_type": 1, "university": 2, "headmaster": null}}, {"model": "users.department", "pk": 3, "fields": {"name": "1 \u0627\u0644\u0642\u0633\u0645 \u0627\u0644\u0639\u0627\u0645 - \u0645\u062c\u0645\u0648\u0639\u0629 \u0628", "bio": "no data initialized", "location": "no data initialized", "rank": -1, "entity_type": 1, "study_type": 1, "faculty": 2, "team": null}}, {"model": "users.department", "pk": 4, "fields": {"name": "1 \u0627\u0644\u0642\u0633\u0645 \u0627\u0644\u0639\u0627\u0645 - \u0645\u062c\u0645\u0648\u0639\u0629 \u0623", "bio": "no data initialized", "location": "no data initialized", "rank": -1, "entity_type": 1, "study_type": 1, "faculty": 2, "team": 1}}, {"model": "users.department", "pk": 5, "fields": {"name": "3 \u0646\u0638\u0645 \u0645\u0639\u0644\u0648\u0645\u0627\u062a", "bio": "no data initialized", "location": "no data initialized", "rank": -1, "entity_type": 1, "study_type": 1, "faculty": 2, "team": null}}, {"model": "users.department", "pk": 6, "fields": {"name": "3 \u0639\u0644\u0648\u0645 \u0627\u0644\u062d\u0627\u0633\u0628", "bio": "no data initialized", "location": "no data initialized", "rank": -1, "entity_type": 1, "study_type": 1, "faculty": 2, "team": null}}, {"model": "users.department", "pk": 7, "fields": {"name": "3 \u062a\u0643\u0646\u0648\u0644\u0648\u062c\u064a\u0627 \u0645\u0639\u0644\u0648\u0645\u0627\u062a", "bio": "no data initialized", "location": "no data initialized", "rank": -1, "entity_type": 1, "study_type": 1, "faculty": 2, "team": null}}, {"model": "users.department", "pk": 8, "fields": {"name": "2 \u0627\u0644\u0642\u0633\u0645 \u0627\u0644\u0639\u0627\u0645 \u0645\u062c\u0645\u0648\u0639\u0629 \u0623", "bio": "no data initialized", "location": "no data initialized", "rank": -1, "entity_type": 1, "study_type": 1, "faculty": 2, "team": 1}}, {"model": "users.department", "pk": 9, "fields": {"name": "2 \u0627\u0644\u0642\u0633\u0645 \u0627\u0644\u0639\u0627\u0645\u0629 \u0645\u062c\u0645\u0648\u0639\u0629 \u0628", "bio": "no data initialized", "location": "no data initialized", "rank": -1, "entity_type": 1, "study_type": 1, "faculty": 2, "team": null}}, {"model": "users.department", "pk": 10, "fields": {"name": "4 \u0639\u0644\u0648\u0645 \u0627\u0644\u062d\u0627\u0633\u0628", "bio": "no data initialized", "location": "no data initialized", "rank": -1, "entity_type": 1, "study_type": 1, "faculty": 2, "team": null}}, {"model": "users.department", "pk": 11, "fields": {"name": "4 \u0646\u0638\u0645 \u0645\u0639\u0644\u0648\u0645\u0627\u062a", "bio": "no data initialized", "location": "no data initialized", "rank": -1, "entity_type": 1, "study_type": 1, "faculty": 2, "team": null}}, {"model": "users.department", "pk": 12, "fields": {"name": "4 \u062a\u0643\u0646\u0648\u0644\u0648\u062c\u064a\u0627 \u0645\u0639\u0644\u0648\u0645\u0627\u062a", "bio": "no data initialized", "location": "no data initialized", "rank": -1, "entity_type": 1, "study_type": 1, "faculty": 2, "team": null}}, {"model": "users.department", "pk": 13, "fields": {"name": "1 \u0647\u0646\u062f\u0633\u0629 \u0627\u0644\u0628\u0631\u0645\u062c\u064a\u0627\u062a", "bio": "no data initialized", "location": "no data initialized", "rank": -1, "entity_type": 1, "study_type": 1, "faculty": 2, "team": null}}, {"model": "users.department", "pk": 14, "fields": {"name": "2 \u0647\u0646\u062f\u0633\u0629 \u0627\u0644\u0628\u0631\u0645\u062c\u064a\u0627\u062a", "bio": "no data initialized", "location": "no data initialized", "rank": -1, "entity_type": 1, "study_type": 1, "faculty": 2, "team": null}}, {"model": "users.department", "pk": 15, "fields": {"name": "3 \u0647\u0646\u062f\u0633\u0629 \u0627\u0644\u0628\u0631\u0645\u062c\u064a\u0627\u062a", "bio": "no data initialized", "location": "no data initialized", "rank": -1, "entity_type": 1, "study_type": 1, "faculty": 2, "team": null}}, {"model": "users.department", "pk": 16, "fields": {"name": "4 \u0647\u0646\u062f\u0633\u0629 \u0627\u0644\u0628\u0631\u0645\u062c\u064a\u0627\u062a", "bio": "no data initialized", "location": "no data initialized", "rank": -1, "entity_type": 1, "study_type": 1, "faculty": 2, "team": null}}, {"model": "users.department", "pk": 17, "fields": {"name": "1 \u0645\u0639\u0644\u0648\u0645\u0627\u062a\u064a\u0629 \u0637\u0628\u064a\u0629", "bio": "no data initialized", "location": "no data initialized", "rank": -1, "entity_type": 1, "study_type": 1, "faculty": 2, "team": null}}, {"model": "users.department", "pk": 18, "fields": {"name": "2 \u0645\u0639\u0644\u0648\u0645\u0627\u062a\u064a\u0629 \u0637\u0628\u064a\u0629", "bio": "no data initialized", "location": "no data initialized", "rank": -1, "entity_type": 1, "study_type": 1, "faculty": 2, "team": null}}, {"model": "users.department", "pk": 19, "fields": {"name": "3 \u0645\u0639\u0644\u0648\u0645\u0627\u062a\u064a\u0629 \u0637\u0628\u064a\u0629", "bio": "no data initialized", "location": "no data initialized", "rank": -1, "entity_type": 1, "study_type": 1, "faculty": 2, "team": null}}, {"model": "users.department", "pk": 20, "fields": {"name": "\u0625\u0639\u062f\u0627\u062f\u064a \u0645\u062c\u0645\u0648\u0639\u0629 \u0623", "bio": "no data initialized", "location": "no data initialized", "rank": -1, "entity_type": 1, "study_type": 1, "faculty": 5, "team": null}}, {"model": "users.department", "pk": 21, "fields": {"name": "\u0625\u0639\u062f\u0627\u062f\u064a \u0645\u062c\u0645\u0648\u0639\u0629 \u0628", "bio": "no data initialized", "location": "no data initialized", "rank": -1, "entity_type": 1, "study_type": 1, "faculty": 5, "team": null}}, {"model": "users.department", "pk": 22, "fields": {"name": "1 \u0645\u062f\u0646\u064a", "bio": "no data initialized", "location": "no data initialized", "rank": -1, "entity_type": 1, "study_type": 1, "faculty": 5, "team": null}}, {"model": "users.department", "pk": 23, "fields": {"name": "2 \u0645\u062f\u0646\u064a", "bio": "no data initialized", "location": "no data initialized", "rank": -1, "entity_type": 1, "study_type": 1, "faculty": 5, "team": null}}, {"model": "users.department", "pk": 24, "fields": {"name": "3 \u0645\u062f\u0646\u064a", "bio": "no data initialized", "location": "no data initialized", "rank": -1, "entity_type": 1, "study_type": 1, "faculty": 5, "team": null}}, {"model": "users.department", "pk": 25, "fields": {"name": "4 \u0645\u062f\u0646\u064a", "bio": "no data initialized", "location": "no data initialized", "rank": -1, "entity_type": 1, "study_type": 1, "faculty": 5, "team": null}}, {"model": "users.department", "pk": 26, "fields": {"name": "1 \u0639\u0645\u0627\u0631\u0629", "bio": "no data initialized", "location": "no data initialized", "rank": -1, "entity_type": 1, "study_type": 1, "faculty": 5, "team": null}}, {"model": "users.department", "pk": 27, "fields": {"name": "2 \u0639\u0645\u0627\u0631\u0629", "bio": "no data initialized", "location": "no data initialized", "rank": -1, "entity_type": 1, "study_type": 1, "faculty": 5, "team": null}}, {"model": "users.department", "pk": 28, "fields": {"name": "3 \u0639\u0645\u0627\u0631\u0629", "bio": "no data initialized", "location": "no data initialized", "rank": -1, "entity_type": 1, "study_type": 1, "faculty": 5, "team": null}}, {"model": "users.department", "pk": 29, "fields": {"name": "4 \u0639\u0645\u0627\u0631\u0629", "bio": "no data initialized", "location": "no data initialized", "rank": -1, "entity_type": 1, "study_type": 1, "faculty": 5, "team": null}}, {"model": "users.userprofile", "pk": 1, "fields": {"level": 1, "gender": "1", "count_of_posts": 0, "count_of_replies": 0, "academic_stats": "1", "last_active_device": "", "section": 0, "user": 9, "department": null, "faculty": null, "university": null, "topics": []}}, {"model": "users.userprofile", "pk": 3, "fields": {"level": 1, "gender": "1", "count_of_posts": 0, "count_of_replies": 0, "academic_stats": "1", "last_active_device": "'linux - firefox'", "section": 15, "user": 1, "department": 26, "faculty": 5, "university": 2, "topics": []}}, {"model": "users.userprofile", "pk": 6, "fields": {"level": 1, "gender": "1", "count_of_posts": 0, "count_of_replies": 0, "academic_stats": "1", "last_active_device": "", "section": 0, "user": 16, "department": null, "faculty": 1, "university": 1, "topics": []}}, {"model": "users.userprofile", "pk": 7, "fields": {"level": 1, "gender": "1", "count_of_posts": 0, "count_of_replies": 0, "academic_stats": "1", "last_active_device": "", "section": 0, "user": 17, "department": null, "faculty": null, "university": null, "topics": []}}, {"model": "users.userprofile", "pk": 8, "fields": {"level": 1, "gender": "1", "count_of_posts": 0, "count_of_replies": 0, "academic_stats": "1", "last_active_device": "", "section": 0, "user": 18, "department": null, "faculty": null, "university": null, "topics": []}}, {"model": "users.userprofile", "pk": 9, "fields": {"level": 1, "gender": "1", "count_of_posts": 0, "count_of_replies": 0, "academic_stats": "1", "last_active_device": "", "section": 0, "user": 19, "department": null, "faculty": null, "university": null, "topics": []}}, {"model": "users.userprofile", "pk": 10, "fields": {"level": 1, "gender": "1", "count_of_posts": 0, "count_of_replies": 0, "academic_stats": "1", "last_active_device": "", "section": 0, "user": 20, "department": null, "faculty": null, "university": null, "topics": []}}, {"model": "users.userprofile", "pk": 11, "fields": {"level": 1, "gender": "1", "count_of_posts": 0, "count_of_replies": 0, "academic_stats": "1", "last_active_device": "", "section": 0, "user": 21, "department": null, "faculty": 2, "university": 1, "topics": []}}, {"model": "users.userprofile", "pk": 12, "fields": {"level": 1, "gender": "1", "count_of_posts": 0, "count_of_replies": 0, "academic_stats": "1", "last_active_device": "", "section": 0, "user": 10, "department": null, "faculty": null, "university": null, "topics": []}}, {"model": "users.userprofile", "pk": 13, "fields": {"level": 1, "gender": "1", "count_of_posts": 0, "count_of_replies": 0, "academic_stats": "1", "last_active_device": "", "section": 0, "user": 22, "department": 3, "faculty": 1, "university": 1, "topics": []}}, {"model": "users.userprofile", "pk": 14, "fields": {"level": 1, "gender": "1", "count_of_posts": 0, "count_of_replies": 0, "academic_stats": "1", "last_active_device": "", "section": 0, "user": 23, "department": null, "faculty": 1, "university": 1, "topics": []}}, {"model": "users.userprofile", "pk": 15, "fields": {"level": 1, "gender": "1", "count_of_posts": 0, "count_of_replies": 0, "academic_stats": "1", "last_active_device": "", "section": 0, "user": 24, "department": 8, "faculty": 2, "university": 1, "topics": []}}, {"model": "users.userprofile", "pk": 16, "fields": {"level": 1, "gender": "1", "count_of_posts": 0, "count_of_replies": 0, "academic_stats": "1", "last_active_device": "", "section": 0, "user": 25, "department": 7, "faculty": 2, "university": 1, "topics": []}}, {"model": "users.userprofile", "pk": 17, "fields": {"level": 1, "gender": "1", "count_of_posts": 0, "count_of_replies": 0, "academic_stats": "1", "last_active_device": "", "section": 0, "user": 26, "department": 20, "faculty": 5, "university": 2, "topics": []}}, {"model": "users.contactus", "pk": 1, "fields": {"message": "\u062c\u0627\u0645\u0639\u0629 \u0627\u0644\u0646\u064a\u0644 | \u0643\u0644\u064a\u0629 \u0627\u0644\u062d\u0628 | ibrahem3me@hotmail.com", "date": "2017-09-22T16:32:52.611Z"}}, {"model": "users.contactus", "pk": 2, "fields": {"message": "\u062c\u0627\u0645\u0639\u0629 \u0627\u0644\u0646\u064a\u0644 | \u0643\u0644\u064a\u0629 \u0627\u0644\u062d\u0628 | ibrahem3me@hotmail.com", "date": "2017-09-22T16:33:54.803Z"}}, {"model": "users.contactus", "pk": 3, "fields": {"message": "\u062c\u0627\u0645\u0639\u0629 \u0627\u0644\u0646\u064a\u0644 | \u0643\u0644\u064a\u0629 \u0627\u0644\u062d\u0628 | ibrahem3me@hotmail.com", "date": "2017-09-22T16:34:33.181Z"}}, {"model": "users.contactus", "pk": 4, "fields": {"message": "\u062c\u0627\u0645\u0639\u0629 \u0627\u0644\u0646\u064a\u0644 | \u0643\u0644\u064a\u0629 \u0627\u0644\u062d\u0628 | ibrahem3me@hotmail.com", "date": "2017-09-22T16:34:39.659Z"}}, {"model": "users.contactus", "pk": 5, "fields": {"message": "\u062c\u0627\u0645\u0639\u0629 \u0627\u0644\u0646\u064a\u0644 | \u0643\u0644\u064a\u0629 \u0627\u0644\u062d\u0628 | ibrahem3me@hotmail.com", "date": "2017-09-22T16:34:44.850Z"}}]
